"Format","MoTeC CSV File",,,"Workbook","Samples"
"Venue","ac-track-skid",,,"Worksheet","Graph"
"Vehicle","madformulateam_mftc3",,,"Vehicle Desc","MAD Formula Team by MAD Formula Team, MAD Formula Team MFT C3, year: 2020 version: 1.9 Final"
"Driver","Xtreme192",,,"Engine ID","rwd"
"Device","ADL"
"Comment","Hoosier R25B (S)",,,"Session","Practice.offline (50Hz)"
"Log Date","18/09/2026",,,"Origin Time","0.000","s"
"Log Time","21:00:22",,,"Start Time","0.000","s"
"Sample Rate","50.000","Hz",,"End Time","59.040","s"
"Duration","59.040","s",,"Start Distance","0","m"
"Range","entire outing",,,"End Distance","591","m"
"Beacon Markers",""


"Distance","Engine RPM","CG Accel Lateral","CG Accel Longitudinal","Damper Travel FL","Damper Travel FR","Damper Travel RL","Damper Travel RR","Steering Angle","Throttle Pos","Corr Speed"
"m","rpm","G","G","mm","mm","mm","mm","deg","%","km/h"


"0","4000","0","0","12","12","17","17","0","0","0.0"
"0","4000","0","0","12","12","17","17","0","0","0.0"
"0","4000","0","0","12","12","17","17","0","0","0.0"
"0","4000","0","0","12","12","17","17","0","0","0.0"
"0","4000","0","0","12","12","17","17","0","0","0.0"
"0","4000","0","0","12","12","17","17","0","0","0.0"
"0","4000","0","0","12","12","17","17","0","0","0.0"
"0","4000","0","0","12","12","17","17","0","0","0.0"
"0","4000","0","0","12","12","17","17","0","0","0.0"
"0","4000","0","0","12","12","17","17","0","0","0.0"
"0","4000","0","0","12","12","17","17","0","0","0.0"
"0","4000","0","0","12","12","17","17","0","0","0.0"
"0","4000","0","0","12","12","17","17","0","0","0.0"
"0","4000","0","0","12","12","17","17","0","0","0.0"
"0","4000","0","0","12","12","17","17","0","0","0.0"
"0","4000","0","0","12","12","17","17","0","0","0.0"
"0","4000","0","0","12","12","17","17","0","0","0.0"
"0","4000","0","0","12","12","17","17","0","0","0.0"
"0","4000","0","0","12","12","17","17","0","0","0.0"
"0","4000","0","0","12","12","17","17","0","0","0.0"
"0","4000","0","0","12","12","17","17","0","0","0.0"
"0","4000","0","0","12","12","17","17","0","0","0.0"
"0","4000","0","0","12","12","17","17","0","0","0.0"
"0","4000","0","0","12","12","17","17","0","0","0.0"
"0","4000","0","0","12","12","17","17","0","0","0.0"
"0","4000","0","0","12","12","17","17","0","0","0.0"
"0","4000","0","0","12","12","17","17","0","0","0.0"
"0","4000","0","0","12","12","17","17","0","0","0.0"
"0","4000","0","0","12","12","17","17","0","0","0.0"
"0","4000","0","0","12","12","17","17","0","0","0.0"
"0","4000","0","0","12","12","17","17","0","0","0.0"
"0","4000","0","0","12","12","17","17","0","0","0.0"
"0","4000","0","0","12","12","17","17","0","0","0.0"
"0","4000","0","0","12","12","17","17","0","0","0.0"
"0","4000","0","0","12","12","17","17","0","0","0.0"
"0","4000","0","0","12","12","17","17","0","0","0.0"
"0","4000","0","0","12","12","17","17","0","0","0.0"
"0","4000","0","0","12","12","17","17","0","0","0.0"
"0","4000","0","0","12","12","17","17","0","0","0.0"
"0","4000","0","0","12","12","17","17","0","0","0.0"
"0","4000","0","0","12","12","17","17","0","0","0.0"
"0","4000","0","0","12","12","17","17","0","0","0.0"
"0","4000","0","0","12","12","17","17","0","0","0.0"
"0","4000","0","0","12","12","17","17","0","0","0.0"
"0","4000","0","0","12","12","17","17","0","0","0.0"
"0","4000","0","0","12","12","17","17","0","0","0.0"
"0","4000","0","0","12","12","17","17","0","0","0.0"
"0","4000","0","0","12","12","17","17","0","0","0.0"
"0","4000","0","0","12","12","17","17","0","0","0.0"
"0","4000","0","0","12","12","17","17","0","0","0.0"
"0","4000","0","0","12","12","17","17","0","0","0.0"
"0","4000","0","0","12","12","17","17","0","0","0.0"
"0","4000","0","0","12","12","17","17","0","0","0.0"
"0","4000","0","0","12","12","17","17","0","0","0.0"
"0","4008","0","0","12","12","17","17","0","4","0.0"
"0","4019","0","0","12","12","17","17","0","11","0.0"
"0","4056","0","0","12","12","17","17","0","15","0.0"
"0","4108","0","0","12","12","17","17","0","23","0.0"
"0","4190","0","0","12","12","17","17","0","38","0.0"
"0","4311","0","0","12","12","17","17","0","49","0.0"
"0","4451","0","0","12","12","17","17","0","60","0.0"
"0","4642","0","0","12","12","17","17","0","63","0.0"
"0","4835","0","0","12","12","17","17","0","64","0.0"
"0","5034","0","0","12","12","17","17","0","62","0.0"
"0","5236","0","0","12","12","17","17","0","60","0.0"
"0","5441","0","0","12","12","17","17","0","59","0.0"
"0","5629","0","0","12","12","17","17","0","58","0.0"
"0","5826","0","0","12","12","17","17","0","57","0.0"
"0","6040","0","0","12","12","17","17","0","57","0.0"
"0","6244","0","0","12","12","17","17","0","57","0.0"
"0","6442","0","0","12","12","17","17","0","57","0.0"
"0","6660","0","0","12","12","17","17","0","58","0.0"
"0","6873","0","0","12","12","17","17","0","58","0.0"
"0","7079","0","0","12","12","17","17","0","58","0.0"
"0","7277","0","0","12","12","17","17","0","58","0.0"
"0","7473","0","0","12","12","17","17","0","58","0.0"
"0","7669","0","0","12","12","17","17","0","58","0.0"
"0","7856","0","0","12","12","17","17","0","58","0.0"
"0","8028","0","0","12","12","17","17","0","58","0.0"
"0","8203","0","0","12","12","17","17","0","58","0.0"
"0","8381","0","0","12","12","17","17","0","58","0.0"
"0","8536","0","0","12","12","17","17","0","58","0.0"
"0","8694","0","0","12","12","17","17","0","58","0.0"
"0","8858","0","0","12","12","17","17","0","58","0.0"
"0","9011","0","0","12","12","17","17","0","58","0.0"
"0","9160","0","0","12","12","17","17","0","58","0.0"
"0","9305","0","0","12","12","17","17","0","58","0.0"
"0","9450","0","0","12","12","17","17","0","58","0.0"
"0","9596","0","0","12","12","17","17","0","58","0.0"
"0","9729","0","0","12","12","17","17","0","58","0.0"
"0","9857","0","0","12","12","17","17","0","58","0.0"
"0","9990","0","0","12","12","17","17","0","58","0.0"
"0","10117","0","0","12","12","17","17","0","58","0.0"
"0","10233","0","0","12","12","17","17","0","58","0.0"
"0","10352","0","0","12","12","17","17","0","58","0.0"
"0","10471","0","0","12","12","17","17","0","58","0.0"
"0","10519","0","0","12","12","17","17","0","46","0.0"
"0","10555","0","0","12","12","17","17","0","38","0.0"
"0","10566","0","0","12","12","17","17","0","39","0.0"
"0","10504","0","0","12","12","17","17","0","24","0.0"
"0","10404","0","0","12","12","17","17","0","0","0.0"
"0","10216","0","0","12","12","17","17","0","0","0.0"
"0","9778","0","0","12","12","17","17","0","3","0.0"
"0","8837","0","0","12","12","17","17","0","12","0.1"
"0","7488","0","0","12","12","17","17","0","26","0.2"
"0","5933","0","0","12","12","17","17","0","43","0.4"
"0","5904","0","0","12","12","17","17","0","43","0.9"
"0","5581","-0","0","11","11","17","17","0","45","1.4"
"0","4670","-0","0","10","10","18","18","0","55","2.0"
"0","4315","-0","0","9","9","19","18","0","59","2.7"
"0","4239","0","1","8","8","19","19","0","59","3.4"
"0","4160","0","1","7","7","20","20","0","59","4.1"
"0","4079","0","1","6","6","20","20","0","59","4.8"
"0","3993","0","1","6","6","21","21","0","59","5.6"
"0","3912","0","1","6","6","21","21","0","59","6.3"
"0","3833","0","1","6","6","21","21","0","59","6.9"
"0","3747","-0","1","6","6","21","21","0","59","7.6"
"0","3665","0","1","6","6","21","21","0","59","8.3"
"0","3588","0","1","6","6","21","21","0","59","8.9"
"0","3502","0","1","7","7","21","21","0","60","9.6"
"0","3411","0","1","7","7","21","21","0","60","10.3"
"1","3325","0","1","7","7","21","21","0","60","11.0"
"1","3235","-0","1","7","7","21","21","0","60","11.7"
"1","3140","-0","1","7","6","21","21","0","60","12.5"
"1","3074","-0","1","6","6","21","21","0","60","13.1"
"1","3024","-0","1","6","6","21","21","0","60","13.6"
"1","3020","-0","0","6","6","21","21","0","60","13.9"
"1","3022","-0","-0","6","6","21","21","0","60","14.1"
"1","3036","0","-0","7","7","20","20","0","60","14.3"
"1","3079","0","-0","8","8","20","20","0","60","14.4"
"1","3135","0","0","10","10","18","18","0","60","14.3"
"1","3187","0","0","11","11","17","17","0","60","14.4"
"1","3229","-0","0","12","12","16","16","0","60","14.5"
"1","3252","-0","0","12","12","16","16","0","61","14.7"
"2","3280","-0","0","12","12","16","16","0","61","14.8"
"2","3311","-0","0","12","11","16","16","0","61","14.9"
"2","3345","0","0","11","11","16","16","0","61","15.0"
"2","3372","0","0","11","11","16","16","0","62","15.2"
"2","3389","0","0","11","11","16","16","0","62","15.3"
"2","3412","0","0","11","11","16","16","0","62","15.4"
"2","3439","0","0","11","11","16","16","0","63","15.6"
"2","3491","0","0","11","11","16","16","0","63","15.7"
"2","3534","0","0","11","11","16","16","0","64","15.8"
"2","3557","0","0","11","11","16","16","0","64","15.9"
"2","3576","0","0","11","11","16","16","0","64","16.0"
"3","3592","0","0","11","11","16","16","0","65","16.1"
"3","3606","0","0","11","11","16","16","0","65","16.2"
"3","3620","0","0","11","11","16","16","0","65","16.3"
"3","3637","0","0","11","11","16","16","0","65","16.5"
"3","3664","0","0","11","11","16","16","0","65","16.6"
"3","3696","-0","0","11","11","16","16","0","65","16.8"
"3","3725","-0","0","11","11","16","16","0","65","16.9"
"3","3755","-0","0","11","11","16","16","0","65","17.1"
"3","3787","-0","0","11","11","16","16","0","65","17.2"
"3","3820","0","0","11","11","16","16","0","65","17.4"
"3","3853","0","0","11","11","16","16","0","65","17.5"
"4","3885","0","0","11","11","16","16","0","65","17.6"
"4","3917","0","0","11","11","16","16","0","65","17.8"
"4","3952","0","0","11","11","16","16","0","66","17.9"
"4","3985","0","0","11","11","16","16","0","66","18.1"
"4","4019","0","0","11","11","16","16","0","66","18.2"
"4","4057","0","0","11","11","16","16","0","66","18.4"
"4","4094","0","0","11","11","16","16","0","66","18.6"
"4","4131","0","0","11","11","16","16","0","66","18.7"
"4","4171","0","0","11","11","16","16","0","66","18.9"
"4","4213","0","0","11","11","16","16","0","66","19.1"
"5","4255","0","0","11","11","16","16","0","66","19.3"
"5","4297","0","0","11","11","16","16","0","66","19.4"
"5","4341","0","0","11","11","16","16","0","66","19.6"
"5","4386","0","0","11","11","16","16","0","66","19.8"
"5","4432","0","0","11","10","16","16","0","66","20.0"
"5","4475","0","0","11","10","16","16","0","66","20.2"
"5","4520","0","0","11","10","16","16","0","66","20.4"
"5","4568","0","0","10","10","16","16","0","66","20.6"
"5","4613","0","0","10","10","17","16","0","66","20.8"
"6","4657","0","0","10","10","17","16","0","66","21.0"
"6","4706","0","0","10","10","17","16","0","66","21.3"
"6","4755","0","0","10","10","17","16","0","66","21.5"
"6","4801","0","0","10","10","17","17","0","66","21.7"
"6","4849","0","0","10","10","17","17","0","66","21.9"
"6","4898","0","0","10","10","17","17","0","66","22.1"
"6","4950","0","0","10","10","17","17","0","66","22.3"
"6","5000","0","0","10","10","17","17","0","66","22.6"
"7","5048","0","0","10","10","17","17","0","66","22.8"
"7","5101","0","0","10","10","17","17","0","66","23.0"
"7","5157","0","0","10","10","17","17","0","67","23.2"
"7","5212","0","0","10","10","17","17","0","67","23.5"
"7","5268","0","0","10","10","17","17","0","67","23.7"
"7","5328","0","0","10","10","17","17","0","68","24.0"
"7","5386","0","0","10","10","17","17","0","68","24.2"
"7","5444","0","0","10","10","17","17","0","69","24.5"
"8","5506","0","0","10","10","17","17","0","69","24.8"
"8","5566","0","0","10","10","17","17","0","69","25.0"
"8","5622","0","0","10","10","17","17","0","69","25.3"
"8","5682","0","0","10","10","17","17","0","69","25.6"
"8","5744","0","0","10","10","17","17","0","69","25.8"
"8","5802","0","0","10","10","17","17","0","69","26.1"
"8","5863","0","0","10","10","17","17","0","69","26.4"
"9","5928","0","0","10","10","17","17","0","69","26.6"
"9","5992","0","0","10","10","17","17","0","69","26.9"
"9","6056","0","0","10","10","17","17","0","69","27.2"
"9","6120","0","0","10","10","17","17","0","69","27.5"
"9","6185","0","0","10","10","17","17","0","69","27.8"
"9","6252","0","0","10","10","17","17","0","69","28.1"
"10","6316","0","0","10","10","17","17","0","69","28.4"
"10","6377","0","0","10","10","17","17","0","69","28.6"
"10","6445","0","0","10","10","17","17","0","69","28.9"
"10","6510","0","0","10","10","17","17","0","69","29.2"
"10","6571","0","0","10","10","17","17","0","69","29.5"
"10","6635","0","0","10","10","17","17","0","69","29.8"
"11","6701","0","0","10","10","17","17","0","69","30.1"
"11","6763","0","0","10","10","17","17","0","69","30.4"
"11","6826","0","0","10","10","17","17","0","69","30.7"
"11","6887","0","0","10","10","17","17","0","69","31.0"
"11","6950","0","0","10","10","17","17","0","69","31.3"
"11","7014","0","0","10","10","17","17","0","69","31.6"
"12","7072","0","0","10","10","18","17","0","69","31.8"
"12","7132","0","0","10","10","18","17","0","69","32.1"
"12","7194","0","0","10","10","18","17","0","69","32.4"
"12","7253","0","0","10","10","18","17","0","69","32.7"
"12","7309","0","0","10","10","18","17","0","69","32.9"
"13","7370","0","0","10","10","18","17","0","69","33.2"
"13","7430","0","0","10","10","18","17","0","69","33.5"
"13","7488","0","0","10","10","18","17","0","69","33.7"
"13","7546","0","0","10","10","18","17","0","69","34.0"
"13","7604","0","0","10","10","18","17","0","69","34.3"
"13","7663","0","0","10","10","18","17","0","69","34.5"
"14","7721","0","0","10","10","18","17","0","69","34.8"
"14","7773","0","0","10","10","18","17","0","69","35.1"
"14","7827","0","0","11","10","18","17","0","68","35.3"
"14","7881","0","0","11","10","18","17","0","68","35.6"
"14","7936","0","0","11","10","18","17","0","68","35.8"
"15","7988","0","0","11","10","18","17","0","68","36.1"
"15","8038","0","0","11","11","18","17","0","68","36.3"
"15","8090","0","0","11","11","18","17","0","68","36.5"
"15","8143","0","0","11","11","18","17","0","68","36.8"
"15","8194","0","0","11","11","18","17","0","68","37.0"
"16","8244","0","0","11","11","18","17","0","68","37.3"
"16","8294","0","0","11","11","18","17","0","68","37.5"
"16","8344","0","0","11","11","18","17","0","68","37.7"
"16","8395","0","0","11","11","18","17","0","68","38.0"
"16","8441","0","0","11","11","18","17","0","68","38.2"
"17","8489","0","0","11","11","18","17","0","68","38.4"
"17","8539","0","0","11","11","18","17","0","68","38.6"
"17","8586","0","0","11","11","18","17","0","68","38.9"
"17","8632","0","0","11","11","18","17","0","68","39.1"
"18","8681","0","0","11","11","18","17","0","68","39.3"
"18","8729","0","0","11","11","18","17","0","68","39.5"
"18","8776","0","0","11","11","18","17","0","68","39.7"
"18","8821","0","0","11","11","18","17","0","68","39.9"
"18","8867","0","0","11","11","18","17","0","68","40.2"
"19","8914","0","0","11","11","18","17","0","68","40.4"
"19","8960","0","0","11","11","18","17","0","68","40.6"
"19","9003","0","0","11","11","18","17","0","67","40.8"
"19","9048","0","0","11","11","18","17","0","67","41.0"
"20","9094","0","0","11","11","18","17","0","67","41.2"
"20","9136","0","0","11","11","18","17","0","67","41.4"
"20","9179","0","0","11","11","18","17","0","67","41.6"
"20","9224","0","0","11","11","18","18","0","67","41.8"
"21","9267","0","0","11","11","18","18","0","67","42.0"
"21","9309","0","0","11","11","18","18","0","67","42.2"
"21","9352","0","0","11","11","18","18","0","67","42.4"
"21","9394","0","0","11","11","18","18","0","67","42.6"
"21","9436","0","0","11","11","18","18","0","67","42.8"
"22","9476","0","0","12","11","18","18","0","67","43.0"
"22","9515","0","0","12","11","18","18","0","67","43.2"
"22","9556","0","0","12","11","18","18","0","66","43.4"
"22","9597","0","0","12","11","18","18","0","66","43.6"
"23","9634","0","0","12","11","18","18","0","66","43.7"
"23","9674","0","0","12","12","18","18","0","66","43.9"
"23","9715","0","0","12","12","18","18","0","66","44.1"
"23","9752","0","0","12","12","18","18","0","66","44.3"
"24","9789","0","0","12","12","18","18","0","66","44.5"
"24","9826","0","0","12","12","18","18","0","65","44.7"
"24","9861","0","0","12","12","18","18","0","65","44.8"
"24","9896","0","0","12","12","18","18","0","65","45.0"
"25","9930","0","0","12","12","18","18","0","64","45.2"
"25","9963","0","0","12","12","18","18","0","63","45.3"
"25","9992","0","0","12","12","18","18","0","62","45.5"
"25","10022","0","0","12","12","18","18","0","62","45.6"
"26","10051","0","0","12","12","18","18","0","61","45.8"
"26","10077","0","0","12","12","18","18","0","59","45.9"
"26","10101","0","0","12","12","18","18","0","58","46.1"
"26","10122","0","0","12","12","18","18","0","56","46.2"
"27","10134","0","0","12","12","18","18","0","52","46.3"
"27","10142","0","0","12","12","18","17","0","46","46.4"
"27","10136","0","0","12","12","18","17","0","43","46.5"
"27","10127","0","0","12","12","18","17","0","39","46.6"
"28","10113","0","0","12","12","18","17","0","34","46.6"
"28","10093","0","-0","13","13","17","17","0","30","46.6"
"28","10070","0","-0","13","13","17","17","0","27","46.6"
"29","10040","-0","-0","13","13","17","17","0","24","46.5"
"29","10010","-0","-0","13","13","17","17","0","21","46.5"
"29","9978","-0","-0","14","13","17","17","0","19","46.4"
"29","9943","-0","-0","14","14","17","17","0","16","46.3"
"30","9906","-0","-0","14","14","17","16","0","13","46.2"
"30","9862","-0","-0","14","14","17","16","0","10","46.0"
"30","9818","0","-0","14","14","16","16","0","8","45.9"
"30","9774","0","-0","14","14","16","16","0","6","45.7"
"31","9727","0","-0","14","14","16","16","0","4","45.5"
"31","9677","0","-0","15","14","16","16","0","3","45.4"
"31","9630","0","-0","15","14","16","16","0","1","45.2"
"31","9582","0","-0","15","15","16","16","0","0","45.0"
"32","9529","0","-0","15","15","16","16","0","0","44.8"
"32","9481","0","-0","15","15","16","16","0","0","44.5"
"32","9435","0","-0","15","15","16","16","0","0","44.3"
"32","9388","0","-0","15","15","16","16","0","0","44.1"
"33","9341","0","-0","15","15","16","16","0","0","43.9"
"33","9295","0","-0","15","15","16","16","0","0","43.7"
"33","9250","0","-0","15","15","16","16","0","0","43.4"
"33","9206","0","-0","15","15","16","16","0","0","43.2"
"34","9165","0","-0","15","15","16","16","0","0","43.0"
"34","9122","0","-0","15","15","16","16","0","0","42.8"
"34","9078","0","-0","15","15","16","15","0","0","42.6"
"34","9036","0","-0","15","15","16","15","0","0","42.4"
"34","8995","0","-0","15","15","16","15","0","0","42.2"
"35","8951","0","-0","15","15","16","15","0","0","42.0"
"35","8908","0","-0","15","15","16","15","0","0","41.8"
"35","8867","0","-0","15","15","16","15","0","0","41.6"
"35","8826","0","-0","15","15","16","15","0","0","41.4"
"36","8786","0","-0","15","15","16","15","0","0","41.2"
"36","8743","0","-0","15","15","16","15","0","0","41.0"
"36","8702","0","-0","15","15","16","15","0","0","40.8"
"36","8665","0","-0","15","15","16","15","0","0","40.6"
"37","8624","0","-0","15","15","16","15","0","0","40.4"
"37","8583","0","-0","15","14","16","15","0","0","40.2"
"37","8546","0","-0","15","14","16","15","0","0","40.0"
"37","8508","0","-0","15","14","16","15","0","0","39.8"
"37","8468","0","-0","15","14","16","15","0","0","39.6"
"38","8430","0","-0","15","14","16","15","0","0","39.5"
"38","8392","0","-0","14","14","16","15","0","0","39.3"
"38","8355","0","-0","14","14","16","15","0","0","39.1"
"38","8317","0","-0","14","14","16","15","0","0","38.9"
"38","8279","0","-0","14","14","16","15","0","0","38.7"
"39","8243","0","-0","14","14","16","15","0","0","38.6"
"39","8209","0","-0","14","14","16","15","0","0","38.4"
"39","8172","0","-0","14","14","16","15","0","0","38.2"
"39","8136","0","-0","14","14","16","15","0","0","38.0"
"40","8102","0","-0","14","14","15","15","0","0","37.9"
"40","8067","0","-0","14","14","15","15","0","0","37.7"
"40","8031","0","-0","14","14","15","15","0","0","37.5"
"40","7997","0","-0","14","14","15","15","0","0","37.4"
"40","7964","0","-0","14","14","15","15","0","0","37.2"
"41","7929","0","-0","14","14","15","15","0","0","37.0"
"41","7897","0","-0","14","14","15","15","0","1","36.9"
"41","7865","0","-0","14","14","15","15","0","1","36.7"
"41","7838","0","-0","14","14","15","15","0","3","36.6"
"41","7812","0","-0","14","14","15","15","0","4","36.4"
"42","7789","0","-0","14","14","15","15","0","6","36.3"
"42","7771","0","-0","14","14","15","15","0","8","36.1"
"42","7756","0","-0","14","14","15","15","0","11","36.0"
"42","7745","0","-0","14","14","15","15","0","14","35.9"
"42","7736","0","-0","14","14","15","15","0","16","35.8"
"43","7733","0","-0","14","14","16","15","0","19","35.8"
"43","7732","0","-0","14","14","16","15","0","21","35.7"
"43","7731","0","-0","13","13","16","16","0","22","35.7"
"43","7732","0","-0","13","13","16","16","0","24","35.6"
"43","7732","0","-0","13","13","16","16","0","25","35.6"
"44","7733","0","-0","13","13","16","16","0","25","35.6"
"44","7733","0","-0","13","13","16","16","0","25","35.6"
"44","7732","0","0","13","13","16","16","1","25","35.6"
"44","7731","-0","0","13","13","16","16","2","25","35.6"
"44","7731","-0","0","13","13","16","16","3","25","35.6"
"45","7731","-0","-0","13","13","16","16","5","25","35.6"
"45","7731","-0","-0","13","13","16","16","8","25","35.6"
"45","7731","-0","-0","13","12","16","16","10","25","35.6"
"45","7730","-0","-0","13","12","17","15","15","25","35.6"
"45","7730","-0","-0","14","12","17","15","18","25","35.6"
"46","7728","-0","-0","14","11","17","15","21","25","35.6"
"46","7726","-0","-0","14","11","18","14","23","25","35.5"
"46","7723","-1","-0","15","11","18","14","26","25","35.5"
"46","7720","-1","-0","15","10","19","13","27","25","35.5"
"46","7716","-1","-0","15","10","19","13","27","24","35.5"
"47","7711","-1","-0","16","10","19","13","28","24","35.5"
"47","7706","-1","-0","16","10","19","12","27","24","35.5"
"47","7701","-1","-0","16","10","19","12","27","24","35.4"
"47","7696","-1","-0","16","10","19","12","26","24","35.4"
"47","7691","-1","-0","16","10","19","13","25","23","35.4"
"48","7686","-1","-0","16","10","19","13","24","23","35.4"
"48","7681","-1","-0","16","10","19","13","23","23","35.4"
"48","7677","-1","-0","16","10","19","13","22","23","35.4"
"48","7672","-1","-0","16","10","19","13","22","22","35.4"
"48","7667","-1","-0","15","10","19","13","22","22","35.4"
"48","7663","-1","-0","15","10","19","13","21","22","35.3"
"49","7658","-1","-0","15","10","19","13","21","22","35.3"
"49","7653","-1","-0","15","10","19","13","21","22","35.3"
"49","7647","-1","-0","15","10","19","13","21","21","35.3"
"49","7641","-1","-0","15","10","19","13","22","21","35.2"
"49","7635","-1","-0","15","10","19","13","22","21","35.2"
"50","7627","-1","-0","15","10","19","13","23","20","35.2"
"50","7618","-1","-0","15","10","19","13","25","19","35.2"
"50","7608","-1","-0","15","10","19","13","28","18","35.1"
"50","7598","-1","-0","16","10","19","13","31","17","35.1"
"50","7586","-1","-0","16","10","19","13","37","16","35.0"
"51","7567","-1","-0","16","10","19","12","42","14","34.9"
"51","7544","-1","-0","16","10","19","12","47","12","34.8"
"51","7519","-1","-0","17","9","20","11","49","11","34.7"
"51","7493","-1","-0","17","9","20","11","51","10","34.6"
"51","7462","-1","-0","18","9","21","10","52","9","34.5"
"52","7432","-1","-0","18","9","21","10","53","8","34.4"
"52","7401","-1","-0","19","9","21","9","53","8","34.3"
"52","7373","-1","-0","19","9","21","9","53","8","34.1"
"52","7344","-1","-0","19","9","21","9","52","8","34.0"
"52","7316","-1","-0","19","9","21","9","52","8","33.9"
"53","7290","-1","-0","19","9","20","9","52","9","33.8"
"53","7267","-1","-0","19","9","20","9","52","9","33.7"
"53","7243","-1","-0","19","9","20","9","52","10","33.6"
"53","7220","-1","-0","19","9","21","9","52","10","33.4"
"53","7201","-1","-0","19","9","21","9","52","11","33.3"
"53","7180","-1","-0","19","8","21","9","52","11","33.2"
"54","7159","-1","-0","19","8","21","9","52","11","33.1"
"54","7140","-1","-0","19","8","21","9","52","11","33.0"
"54","7123","-1","-0","19","8","21","9","51","12","32.9"
"54","7106","-1","-0","19","8","21","9","49","13","32.9"
"54","7091","-1","-0","19","8","21","9","47","14","32.8"
"55","7077","-1","-0","19","8","21","9","45","15","32.7"
"55","7069","-1","-0","19","8","21","9","43","16","32.7"
"55","7061","-1","-0","18","9","21","10","40","17","32.6"
"55","7055","-1","-0","18","9","20","10","37","18","32.6"
"55","7052","-1","-0","18","9","20","11","36","19","32.5"
"55","7051","-1","-0","17","9","20","11","36","21","32.5"
"56","7051","-1","-0","17","10","20","12","36","22","32.5"
"56","7052","-1","-0","17","10","20","12","36","23","32.5"
"56","7055","-1","-0","17","10","20","12","36","24","32.4"
"56","7058","-1","-0","17","10","20","12","36","24","32.4"
"56","7060","-1","-0","17","9","20","12","36","25","32.4"
"57","7061","-1","-0","17","9","20","12","36","24","32.4"
"57","7061","-1","-0","17","9","20","12","37","24","32.4"
"57","7061","-1","-0","17","9","20","12","37","24","32.4"
"57","7061","-1","-0","17","9","20","12","37","24","32.4"
"57","7061","-1","-0","16","9","20","12","38","24","32.4"
"57","7060","-1","-0","16","9","20","12","39","24","32.4"
"58","7059","-1","-0","16","9","20","12","41","23","32.4"
"58","7054","-1","-0","16","9","20","12","42","22","32.4"
"58","7047","-1","-0","17","9","20","12","45","20","32.4"
"58","7038","-1","-0","17","9","20","12","47","17","32.4"
"58","7020","-1","-0","17","9","20","11","48","15","32.3"
"59","7001","-1","-0","17","9","21","11","49","14","32.3"
"59","6981","-1","-0","18","9","21","11","50","12","32.2"
"59","6960","-1","-0","18","9","21","11","50","11","32.2"
"59","6938","-1","-0","18","9","21","10","50","10","32.1"
"59","6919","-1","-0","18","9","21","10","50","10","32.0"
"59","6900","-1","-0","18","9","21","10","50","11","31.9"
"60","6882","-1","-0","18","9","21","10","50","11","31.8"
"60","6865","-1","-0","18","9","20","10","50","11","31.8"
"60","6849","-1","-0","18","9","20","10","50","12","31.7"
"60","6838","-1","-0","18","9","20","10","50","13","31.6"
"60","6829","-1","-0","18","9","20","10","50","15","31.5"
"60","6824","-1","-0","18","9","20","10","50","18","31.5"
"61","6822","-1","-0","18","9","21","10","50","19","31.4"
"61","6820","-1","-0","18","9","21","10","50","21","31.4"
"61","6822","-1","-0","18","9","21","10","50","23","31.4"
"61","6823","-1","-0","18","9","21","10","50","24","31.3"
"61","6825","-1","-0","18","9","21","10","50","24","31.3"
"62","6825","-1","-0","18","9","21","11","50","24","31.3"
"62","6825","-1","-0","18","9","21","11","50","24","31.3"
"62","6825","-1","-0","18","9","21","11","50","24","31.3"
"62","6825","-1","-0","18","9","21","11","50","24","31.3"
"62","6824","-1","-0","17","9","21","11","50","24","31.3"
"62","6825","-1","-0","17","9","21","11","50","25","31.3"
"63","6826","-1","-0","17","9","21","11","50","25","31.3"
"63","6828","-1","-0","17","9","21","11","50","26","31.3"
"63","6832","-1","-0","18","9","21","11","50","26","31.3"
"63","6839","-1","-0","18","9","21","11","50","28","31.3"
"63","6846","-1","-0","18","9","21","11","50","29","31.3"
"63","6854","-1","-0","18","9","21","11","50","29","31.4"
"64","6865","-1","-0","17","9","21","11","50","31","31.4"
"64","6875","-1","-0","17","9","21","11","49","31","31.4"
"64","6886","-1","0","17","9","21","11","49","32","31.4"
"64","6895","-1","0","17","9","21","11","49","32","31.5"
"64","6905","-1","0","17","9","21","11","49","32","31.5"
"64","6912","-1","0","17","8","21","11","49","32","31.6"
"65","6920","-1","0","17","8","21","11","49","31","31.6"
"65","6927","-1","0","17","8","21","11","49","32","31.6"
"65","6936","-1","-0","17","8","21","11","49","32","31.7"
"65","6944","-1","-0","17","8","21","11","49","31","31.7"
"65","6952","-1","-0","17","8","21","11","49","32","31.8"
"66","6960","-1","-0","17","8","21","11","49","32","31.8"
"66","6968","-1","-0","17","8","21","11","49","32","31.8"
"66","6981","-1","-0","17","8","21","11","49","33","31.9"
"66","6996","-1","-0","17","8","21","11","49","35","31.9"
"66","7013","-1","0","17","8","21","11","49","36","31.9"
"66","7029","-1","0","17","8","21","11","49","36","32.0"
"67","7045","-1","0","17","8","21","11","49","37","32.0"
"67","7058","-1","0","17","8","21","11","49","36","32.1"
"67","7070","-1","0","17","8","21","11","49","34","32.2"
"67","7069","-1","0","17","8","21","11","49","32","32.2"
"67","7068","-1","0","17","8","21","11","49","30","32.3"
"68","7067","-1","0","17","8","21","11","49","28","32.3"
"68","7062","-1","-0","17","8","21","11","49","26","32.4"
"68","7056","-1","-0","17","8","21","11","49","25","32.4"
"68","7052","-1","-0","17","8","21","11","49","24","32.4"
"68","7048","-1","-0","17","8","21","11","49","24","32.4"
"68","7046","-1","-0","17","8","21","11","49","24","32.4"
"69","7045","-1","-0","18","9","21","11","49","24","32.4"
"69","7044","-1","-0","18","9","21","11","49","25","32.4"
"69","7044","-1","-0","18","9","21","11","49","25","32.3"
"69","7044","-1","-0","18","9","21","11","49","25","32.3"
"69","7045","-1","-0","18","9","21","11","49","26","32.3"
"69","7046","-1","-0","18","9","21","11","49","26","32.3"
"70","7048","-1","-0","18","9","21","11","49","26","32.3"
"70","7050","-1","-0","18","9","21","11","49","27","32.3"
"70","7055","-1","-0","18","9","21","11","49","28","32.3"
"70","7062","-1","-0","18","9","21","11","49","29","32.3"
"70","7072","-1","-0","18","9","21","11","49","31","32.3"
"71","7083","-1","-0","18","8","21","11","49","33","32.4"
"71","7103","-1","-0","18","8","21","11","49","36","32.4"
"71","7123","-1","-0","18","8","21","11","49","38","32.4"
"71","7143","-1","0","18","8","21","11","49","38","32.5"
"71","7160","-1","0","18","8","21","11","49","38","32.5"
"71","7174","-1","0","17","8","21","11","49","37","32.6"
"72","7177","-1","0","17","8","21","11","49","33","32.7"
"72","7174","-1","0","17","8","21","11","49","28","32.7"
"72","7161","-1","0","17","8","21","11","48","23","32.8"
"72","7139","-1","-0","17","8","21","11","47","18","32.8"
"72","7113","-1","-0","17","8","21","11","47","13","32.8"
"73","7090","-1","-0","17","8","21","11","45","13","32.8"
"73","7070","-1","-0","17","8","21","11","43","13","32.7"
"73","7054","-1","-0","17","9","21","11","41","13","32.7"
"73","7045","-1","-0","18","9","20","11","39","14","32.6"
"73","7038","-1","-0","18","9","20","11","38","17","32.6"
"73","7042","-1","-0","18","10","20","11","38","20","32.5"
"74","7049","-1","-0","17","10","20","11","37","23","32.5"
"74","7060","-1","-0","17","10","20","12","37","27","32.4"
"74","7076","-1","-0","17","10","20","12","37","30","32.4"
"74","7094","-1","-0","17","10","20","12","37","32","32.4"
"74","7108","-1","0","17","10","20","12","37","33","32.5"
"75","7120","-1","0","17","9","20","12","37","33","32.5"
"75","7129","-1","0","17","9","20","12","37","32","32.6"
"75","7134","-1","0","16","9","20","12","37","31","32.6"
"75","7138","-1","0","16","9","20","12","37","29","32.7"
"75","7137","-1","0","16","9","20","12","37","27","32.7"
"75","7132","-1","0","16","9","20","12","38","24","32.8"
"76","7119","-1","-0","16","9","20","12","38","19","32.8"
"76","7103","-1","-0","16","9","20","12","38","16","32.8"
"76","7085","-1","-0","16","9","20","12","39","13","32.7"
"76","7059","-1","-0","16","9","20","12","39","9","32.7"
"76","7031","-1","-0","16","9","20","12","40","5","32.6"
"77","6999","-1","-0","17","9","20","12","40","3","32.5"
"77","6969","-1","-0","17","9","20","11","41","2","32.4"
"77","6941","-1","-0","17","10","20","11","41","1","32.3"
"77","6912","-1","-0","18","10","20","11","42","1","32.2"
"77","6883","-1","-0","18","10","20","11","42","1","32.0"
"77","6856","-1","-0","18","10","20","11","42","1","31.9"
"78","6830","-1","-0","18","10","19","10","42","2","31.8"
"78","6804","-1","-0","18","10","19","10","42","3","31.6"
"78","6784","-1","-0","18","10","19","10","42","5","31.5"
"78","6766","-1","-0","18","10","19","11","42","8","31.4"
"78","6754","-1","-0","18","10","19","11","42","10","31.3"
"78","6748","-1","-0","18","10","19","11","42","14","31.2"
"79","6744","-1","-0","18","10","19","11","42","18","31.1"
"79","6745","-1","-0","17","10","19","11","43","18","31.1"
"79","6744","-1","-0","17","10","19","11","43","19","31.1"
"79","6738","-1","-0","17","10","19","11","44","18","31.0"
"79","6733","-1","-0","17","9","19","11","44","18","31.0"
"80","6729","-1","-0","17","9","19","11","44","19","31.0"
"80","6730","-1","-0","17","9","20","11","47","20","31.0"
"80","6730","-1","-0","17","9","20","11","51","21","30.9"
"80","6730","-1","-0","17","9","20","11","54","22","30.9"
"80","6731","-1","-0","17","9","20","11","58","23","30.9"
"80","6733","-1","-0","17","9","20","11","61","23","30.9"
"81","6732","-1","-0","17","8","20","10","62","23","30.8"
"81","6732","-1","-0","17","8","20","10","62","24","30.8"
"81","6730","-1","-0","18","8","21","9","59","25","30.8"
"81","6730","-1","-0","18","8","21","9","56","26","30.8"
"81","6731","-1","-0","18","8","21","9","53","26","30.8"
"81","6735","-1","0","18","8","21","9","50","27","30.8"
"82","6740","-1","0","17","8","20","9","47","28","30.9"
"82","6747","-1","0","17","8","20","10","45","29","30.9"
"82","6756","-1","0","16","8","20","11","44","29","31.0"
"82","6766","-1","0","16","9","20","11","43","29","31.0"
"82","6779","-1","0","16","9","19","12","43","30","31.1"
"82","6793","-1","0","16","9","19","12","43","31","31.1"
"83","6808","-1","-0","16","9","20","12","43","32","31.1"
"83","6826","-1","0","16","9","20","12","43","33","31.2"
"83","6846","-1","0","16","8","20","11","43","34","31.2"
"83","6865","-1","0","16","8","20","11","43","35","31.3"
"83","6883","-1","0","16","8","20","11","43","36","31.3"
"83","6901","-1","0","16","8","20","11","43","35","31.4"
"84","6909","-1","0","16","8","20","11","43","32","31.5"
"84","6912","-1","0","16","8","20","11","43","28","31.6"
"84","6914","-1","0","16","8","20","11","43","26","31.6"
"84","6907","-1","0","15","8","20","12","43","21","31.7"
"84","6881","-1","-0","15","8","20","12","43","13","31.7"
"85","6856","-1","-0","16","8","20","12","43","9","31.7"
"85","6831","-1","-0","16","8","20","12","43","8","31.7"
"85","6808","-1","-0","16","8","20","11","43","7","31.6"
"85","6787","-1","-0","16","9","20","11","44","7","31.5"
"85","6769","-1","-0","17","9","20","11","44","7","31.4"
"85","6751","-1","-0","17","9","19","11","44","7","31.3"
"86","6733","-1","-0","17","9","19","10","44","8","31.2"
"86","6718","-1","-0","17","9","19","10","44","8","31.1"
"86","6702","-1","-0","17","9","19","10","44","8","31.1"
"86","6686","-1","-0","17","9","19","10","44","8","31.0"
"86","6668","-1","-0","17","9","19","10","44","8","30.9"
"86","6651","-1","-0","17","9","19","10","44","7","30.8"
"87","6634","-1","-0","17","9","19","10","44","7","30.7"
"87","6616","-1","-0","17","9","19","10","44","7","30.7"
"87","6598","-1","-0","17","9","19","11","44","7","30.6"
"87","6583","-1","-0","17","9","19","11","44","8","30.5"
"87","6570","-1","-0","17","9","19","11","44","10","30.4"
"87","6565","-1","-0","17","9","19","11","44","13","30.4"
"88","6563","-1","-0","17","9","19","11","44","17","30.3"
"88","6569","-1","-0","17","9","19","11","44","21","30.3"
"88","6583","-1","-0","17","9","19","11","44","25","30.2"
"88","6600","-1","-0","17","9","19","11","44","29","30.2"
"88","6620","-1","0","17","9","19","11","44","32","30.2"
"88","6642","-1","0","16","9","19","11","44","34","30.3"
"89","6664","-1","0","16","9","19","11","44","35","30.3"
"89","6684","-1","0","16","9","19","11","44","35","30.4"
"89","6703","-1","0","16","8","19","11","44","34","30.5"
"89","6712","-1","0","15","8","20","11","44","32","30.6"
"89","6717","-1","0","15","8","20","11","44","29","30.7"
"89","6714","-1","0","15","8","20","12","44","24","30.7"
"90","6705","-1","0","15","8","20","12","44","20","30.8"
"90","6694","-1","-0","15","8","20","12","44","16","30.8"
"90","6666","-1","-0","15","8","20","12","44","9","30.8"
"90","6638","-1","-0","15","8","20","12","44","5","30.8"
"90","6609","-1","-0","16","8","20","11","45","3","30.7"
"91","6583","-1","-0","16","9","19","11","45","2","30.6"
"91","6557","-1","-0","16","9","19","11","45","2","30.5"
"91","6534","-1","-0","17","9","19","11","45","2","30.4"
"91","6511","-1","-0","17","9","19","10","45","2","30.3"
"91","6491","-1","-0","17","9","19","10","45","2","30.2"
"91","6470","-1","-0","17","9","19","10","45","2","30.1"
"92","6448","-1","-0","17","9","19","10","45","2","30.0"
"92","6427","-1","-0","17","9","19","10","45","2","29.9"
"92","6406","-1","-0","17","9","19","10","46","2","29.8"
"92","6384","-1","-0","17","9","19","10","46","2","29.7"
"92","6363","-1","-0","17","9","19","10","46","2","29.6"
"92","6343","-1","-0","17","9","19","10","47","3","29.5"
"93","6322","-1","-0","17","9","19","10","47","3","29.4"
"93","6303","-1","-0","17","9","19","10","47","4","29.3"
"93","6286","-1","-0","17","9","19","10","47","5","29.2"
"93","6273","-1","-0","17","9","19","10","47","7","29.1"
"93","6261","-1","-0","17","9","19","10","47","9","29.0"
"93","6258","-1","-0","17","9","19","10","47","13","28.9"
"93","6258","-1","-0","17","9","19","10","47","16","28.9"
"94","6264","-1","-0","17","9","19","10","47","19","28.8"
"94","6274","-1","-0","17","9","19","10","47","23","28.8"
"94","6286","-1","-0","16","9","19","11","47","26","28.8"
"94","6303","-1","-0","16","9","19","11","47","28","28.8"
"94","6321","-1","0","16","9","19","11","47","30","28.9"
"94","6337","-1","0","16","9","19","11","47","31","28.9"
"95","6353","-1","0","16","8","19","11","47","31","29.0"
"95","6367","-1","0","16","8","19","11","47","31","29.0"
"95","6381","-1","0","16","8","19","11","47","31","29.1"
"95","6394","-1","0","15","8","19","11","47","31","29.2"
"95","6404","-1","0","15","8","19","11","47","30","29.3"
"95","6416","-1","0","15","8","20","11","47","30","29.3"
"96","6428","-1","0","15","8","20","11","47","30","29.4"
"96","6440","-1","0","15","8","20","11","47","30","29.4"
"96","6453","-1","0","15","8","20","11","47","30","29.5"
"96","6467","-1","0","15","8","20","11","47","31","29.5"
"96","6481","-1","0","15","8","20","11","47","31","29.6"
"96","6495","-1","0","16","8","20","11","47","31","29.7"
"97","6510","-1","0","16","8","20","11","47","32","29.7"
"97","6525","-1","0","16","8","20","11","47","32","29.8"
"97","6538","-1","0","16","8","20","11","47","32","29.8"
"97","6551","-1","0","15","8","20","11","47","31","29.9"
"97","6564","-1","0","15","8","20","11","47","31","30.0"
"97","6575","-1","0","15","8","20","11","47","31","30.0"
"98","6586","-1","0","15","8","20","11","47","30","30.1"
"98","6594","-1","0","15","8","20","11","47","29","30.1"
"98","6599","-1","0","16","8","20","11","47","28","30.2"
"98","6603","-1","0","16","8","20","11","47","27","30.2"
"98","6608","-1","0","16","8","20","11","47","27","30.3"
"98","6615","-1","-0","16","8","20","11","47","27","30.3"
"99","6624","-1","-0","16","8","20","11","47","29","30.3"
"99","6641","-1","-0","16","8","20","11","47","31","30.4"
"99","6662","-1","-0","16","8","20","11","47","33","30.4"
"99","6681","-1","0","16","8","20","11","47","35","30.5"
"99","6701","-1","0","16","8","20","11","47","36","30.5"
"99","6724","-1","0","16","8","20","11","47","37","30.6"
"100","6742","-1","0","16","8","20","11","47","36","30.6"
"100","6759","-1","0","16","8","20","11","47","35","30.7"
"100","6764","-1","0","16","8","20","11","47","32","30.8"
"100","6768","-1","0","16","8","20","11","47","29","30.9"
"100","6769","-1","0","15","8","20","11","47","28","31.0"
"100","6769","-1","0","15","8","20","11","47","26","31.0"
"101","6767","-1","-0","15","8","20","11","47","24","31.1"
"101","6765","-1","-0","16","8","20","11","47","23","31.1"
"101","6763","-1","-0","16","8","20","11","47","23","31.1"
"101","6765","-1","-0","16","8","20","11","47","23","31.1"
"101","6768","-1","-0","16","8","20","11","47","24","31.1"
"101","6772","-1","-0","16","8","20","11","47","26","31.1"
"102","6782","-1","-0","16","8","20","11","47","27","31.1"
"102","6792","-1","-0","17","8","20","10","47","29","31.1"
"102","6806","-1","-0","17","8","20","10","47","32","31.1"
"102","6825","-1","-0","17","8","20","10","47","34","31.2"
"102","6847","-1","0","16","8","20","10","47","37","31.2"
"103","6868","-1","0","16","8","20","10","47","37","31.2"
"103","6889","-1","0","16","8","20","11","47","38","31.3"
"103","6908","-1","0","16","8","20","11","47","37","31.4"
"103","6925","-1","0","16","8","20","11","47","37","31.5"
"103","6941","-1","0","16","8","20","11","47","37","31.5"
"103","6955","-1","0","16","8","20","11","47","37","31.6"
"104","6967","-1","0","16","8","20","11","47","35","31.7"
"104","6975","-1","0","16","8","20","11","47","32","31.8"
"104","6976","-1","0","16","8","20","11","47","30","31.9"
"104","6974","-1","0","16","8","20","11","47","27","31.9"
"104","6970","-1","0","16","8","20","11","47","25","32.0"
"104","6965","-1","-0","16","8","20","11","47","24","32.0"
"105","6961","-1","-0","16","8","20","11","47","23","32.0"
"105","6958","-1","-0","16","8","20","11","47","23","32.0"
"105","6957","-1","-0","16","8","20","11","47","25","32.0"
"105","6973","-1","-0","17","8","20","11","47","28","32.0"
"105","6989","-1","-0","17","8","20","11","47","31","32.0"
"106","7006","-1","-0","17","8","20","10","47","33","32.0"
"106","7025","-1","-0","17","8","20","10","47","35","32.0"
"106","7045","-1","0","17","8","20","10","47","36","32.1"
"106","7057","-1","0","17","8","20","10","47","34","32.1"
"106","7064","-1","0","17","8","20","10","47","31","32.2"
"106","7060","-1","0","17","8","20","11","47","27","32.2"
"107","7049","-1","0","16","8","20","11","47","23","32.3"
"107","7035","-1","-0","16","8","20","11","47","19","32.3"
"107","7015","-1","-0","16","8","20","11","47","16","32.3"
"107","6995","-1","-0","16","8","20","11","47","13","32.3"
"107","6972","-1","-0","16","8","21","11","47","11","32.3"
"107","6956","-1","-0","17","8","20","11","47","12","32.2"
"108","6942","-1","-0","17","8","20","11","47","15","32.1"
"108","6938","-1","-0","17","8","20","10","47","17","32.1"
"108","6938","-1","-0","18","9","20","10","47","21","32.0"
"108","6945","-1","-0","18","9","20","10","47","26","31.9"
"108","6959","-1","-0","18","9","20","10","47","30","31.9"
"109","6977","-1","-0","18","9","20","10","47","33","31.9"
"109","6994","-1","-0","18","9","20","10","47","33","31.9"
"109","7009","-1","0","17","8","20","10","47","33","31.9"
"109","7016","-1","0","17","8","20","10","47","30","32.0"
"109","7005","-1","0","17","8","20","10","47","23","32.1"
"109","6985","-1","0","17","8","20","11","47","15","32.1"
"110","6954","-1","-0","16","8","21","11","47","11","32.1"
"110","6923","-1","-0","16","8","21","11","47","7","32.1"
"110","6889","-1","-0","16","8","21","11","47","3","32.0"
"110","6856","-1","-0","17","8","21","11","47","1","31.9"
"110","6823","-1","-0","17","8","20","11","47","0","31.8"
"111","6802","-1","-0","17","9","20","10","47","3","31.6"
"111","6782","-1","-0","18","9","20","10","47","6","31.5"
"111","6766","-1","-0","18","9","20","10","47","7","31.4"
"111","6752","-1","-0","18","9","20","10","47","9","31.3"
"111","6739","-1","-0","18","9","20","10","47","11","31.2"
"111","6729","-1","-0","18","9","20","10","47","12","31.1"
"112","6719","-1","-0","18","9","20","10","47","13","31.0"
"112","6707","-1","-0","18","9","20","10","47","13","31.0"
"112","6695","-1","-0","18","9","20","10","47","13","30.9"
"112","6684","-1","-0","18","9","20","10","47","13","30.9"
"112","6679","-1","-0","17","9","20","11","47","16","30.8"
"112","6674","-1","-0","17","9","20","11","47","18","30.8"
"113","6672","-1","-0","17","9","20","11","47","19","30.7"
"113","6680","-1","-0","17","9","20","11","47","23","30.7"
"113","6694","-1","-0","17","9","20","11","47","29","30.7"
"113","6710","-1","-0","17","9","20","11","47","30","30.7"
"113","6729","-1","-0","17","9","20","11","47","32","30.7"
"113","6751","-1","0","17","9","20","11","47","36","30.7"
"114","6775","-1","0","17","9","20","11","47","38","30.8"
"114","6798","-1","0","17","9","20","11","47","38","30.9"
"114","6816","-1","0","17","8","20","11","47","38","30.9"
"114","6834","-1","0","16","8","21","11","47","38","31.0"
"114","6850","-1","0","16","8","21","11","47","38","31.1"
"114","6866","-1","0","16","8","21","12","47","38","31.2"
"115","6882","-1","0","16","8","21","12","47","38","31.3"
"115","6897","-1","0","16","8","21","12","47","38","31.4"
"115","6912","-1","0","16","8","21","12","47","37","31.4"
"115","6929","-1","0","16","8","21","12","47","37","31.5"
"115","6942","-1","0","16","8","21","12","46","35","31.6"
"116","6953","-1","0","16","8","21","12","46","34","31.7"
"116","6958","-1","0","16","8","21","12","46","32","31.7"
"116","6961","-1","0","16","8","21","12","46","30","31.8"
"116","6958","-1","0","16","8","21","12","46","27","31.8"
"116","6943","-1","0","16","8","21","12","46","21","31.9"
"116","6922","-1","-0","16","8","21","12","46","13","31.9"
"117","6897","-1","-0","17","8","21","12","46","12","31.9"
"117","6872","-1","-0","17","8","21","12","47","10","31.8"
"117","6844","-1","-0","17","9","21","11","47","6","31.7"
"117","6820","-1","-0","17","9","21","11","47","6","31.6"
"117","6797","-1","-0","18","9","21","11","47","8","31.5"
"117","6789","-1","-0","18","9","20","11","47","13","31.4"
"118","6784","-1","-0","18","9","20","11","47","17","31.3"
"118","6786","-1","-0","18","9","20","10","46","20","31.3"
"118","6795","-1","-0","18","10","20","10","46","24","31.2"
"118","6806","-1","-0","18","9","20","10","46","28","31.2"
"118","6821","-1","-0","18","9","20","11","46","30","31.2"
"118","6836","-1","0","18","9","20","11","46","32","31.2"
"119","6850","-1","0","17","9","20","11","46","33","31.2"
"119","6863","-1","0","17","9","20","11","46","33","31.3"
"119","6875","-1","0","17","9","21","11","46","34","31.3"
"119","6886","-1","0","17","9","21","11","46","33","31.4"
"119","6898","-1","0","17","9","21","11","46","33","31.5"
"120","6909","-1","0","17","8","21","12","46","34","31.5"
"120","6921","-1","0","17","8","21","12","46","34","31.6"
"120","6932","-1","0","17","8","21","12","46","33","31.6"
"120","6943","-1","0","17","8","21","12","46","33","31.7"
"120","6953","-1","0","17","8","21","12","46","33","31.7"
"120","6962","-1","0","17","9","21","12","46","32","31.8"
"121","6969","-1","0","17","9","21","12","46","31","31.8"
"121","6976","-1","0","17","9","21","12","46","31","31.9"
"121","6976","-1","0","17","9","21","12","46","28","31.9"
"121","6974","-1","0","17","9","21","12","46","25","32.0"
"121","6967","-1","-0","17","9","21","12","46","24","32.0"
"121","6958","-1","-0","17","9","21","12","46","22","32.0"
"122","6948","-1","-0","17","9","21","12","46","20","32.0"
"122","6940","-1","-0","17","9","21","11","46","20","32.0"
"122","6934","-1","-0","17","9","21","11","46","21","31.9"
"122","6932","-1","-0","17","9","21","11","46","21","31.9"
"122","6931","-1","-0","18","9","21","11","46","23","31.9"
"123","6932","-1","-0","18","9","21","11","46","24","31.9"
"123","6936","-1","-0","18","9","21","11","46","25","31.9"
"123","6939","-1","-0","18","9","21","11","46","25","31.8"
"123","6941","-1","-0","18","9","21","11","46","26","31.8"
"123","6944","-1","-0","18","9","21","11","46","26","31.8"
"123","6946","-1","-0","18","9","21","11","46","26","31.9"
"124","6948","-1","-0","17","9","21","11","46","27","31.9"
"124","6955","-1","-0","17","9","21","11","46","29","31.9"
"124","6969","-1","-0","17","9","21","11","46","32","31.9"
"124","6985","-1","-0","17","9","21","11","46","34","31.9"
"124","7002","-1","-0","17","9","21","11","46","35","31.9"
"124","7022","-1","0","17","9","21","11","46","37","32.0"
"125","7041","-1","0","17","9","21","11","46","38","32.0"
"125","7061","-1","0","17","9","21","11","46","38","32.1"
"125","7074","-1","0","17","9","21","11","46","37","32.2"
"125","7084","-1","0","17","9","21","11","46","36","32.2"
"125","7092","-1","0","17","8","21","11","46","35","32.3"
"126","7098","-1","0","17","8","21","12","46","33","32.4"
"126","7103","-1","0","17","8","21","12","46","32","32.4"
"126","7106","-1","0","17","8","21","12","46","31","32.5"
"126","7108","-1","-0","17","8","21","12","46","29","32.5"
"126","7107","-1","-0","17","8","21","12","46","28","32.6"
"126","7103","-1","-0","17","8","21","12","46","25","32.6"
"127","7094","-1","-0","17","9","21","11","46","21","32.6"
"127","7079","-1","-0","17","9","21","11","46","18","32.6"
"127","7060","-1","-0","17","9","21","11","46","14","32.6"
"127","7035","-1","-0","17","9","21","11","46","10","32.5"
"127","7007","-1","-0","17","9","21","11","46","6","32.5"
"128","6975","-1","-0","18","9","21","11","46","4","32.4"
"128","6945","-1","-0","18","9","21","11","46","3","32.3"
"128","6916","-1","-0","18","9","21","11","46","2","32.2"
"128","6886","-1","-0","18","9","20","11","46","2","32.0"
"128","6857","-1","-0","18","10","20","10","46","2","31.9"
"128","6831","-1","-0","18","10","20","10","46","2","31.8"
"129","6804","-1","-0","19","10","20","10","46","2","31.6"
"129","6778","-1","-0","19","10","20","10","46","2","31.5"
"129","6754","-1","-0","19","10","20","10","46","3","31.4"
"129","6730","-1","-0","18","10","20","10","46","3","31.3"
"129","6704","-1","-0","18","10","20","10","46","3","31.1"
"129","6684","-1","-0","18","10","20","10","46","6","31.0"
"130","6667","-1","-0","18","10","20","10","46","10","30.9"
"130","6675","-1","-0","18","10","20","10","46","19","30.8"
"130","6688","-1","-0","18","10","20","11","46","26","30.7"
"130","6711","-1","-0","18","10","20","11","46","31","30.7"
"130","6742","-1","-0","18","10","20","11","46","37","30.7"
"131","6778","-1","0","18","10","20","11","46","43","30.7"
"131","6813","-1","0","18","9","20","11","46","44","30.8"
"131","6847","-1","0","17","9","20","11","46","46","30.9"
"131","6878","-1","0","17","9","20","11","46","45","31.0"
"131","6900","-1","0","16","9","20","11","46","44","31.1"
"131","6919","-1","0","16","8","21","12","46","41","31.3"
"132","6921","-1","0","16","8","21","12","46","37","31.4"
"132","6923","-1","0","16","8","21","12","46","33","31.5"
"132","6922","-1","0","16","8","21","12","46","30","31.6"
"132","6918","-1","0","16","8","21","12","46","27","31.7"
"132","6911","-1","-0","16","8","21","12","46","24","31.7"
"132","6906","-1","-0","16","8","21","12","46","23","31.7"
"133","6901","-1","-0","16","8","21","12","46","23","31.8"
"133","6898","-1","-0","16","8","21","12","46","22","31.7"
"133","6895","-1","-0","17","9","21","11","46","22","31.7"
"133","6892","-1","-0","17","9","20","11","46","21","31.7"
"133","6885","-1","-0","17","9","20","11","46","20","31.7"
"133","6877","-1","-0","17","9","20","11","46","18","31.7"
"134","6869","-1","-0","17","9","20","11","46","17","31.7"
"134","6858","-1","-0","17","9","20","11","46","16","31.6"
"134","6846","-1","-0","17","9","20","11","46","15","31.6"
"134","6834","-1","-0","17","9","20","11","46","15","31.6"
"134","6822","-1","-0","17","9","20","11","46","14","31.5"
"135","6810","-1","-0","17","9","20","11","46","14","31.5"
"135","6799","-1","-0","17","9","20","11","46","14","31.4"
"135","6788","-1","-0","17","9","20","11","46","15","31.4"
"135","6779","-1","-0","17","9","20","11","46","15","31.3"
"135","6770","-1","-0","17","9","20","11","46","15","31.3"
"135","6762","-1","-0","17","9","20","11","46","16","31.2"
"136","6755","-1","-0","17","9","20","11","46","16","31.2"
"136","6749","-1","-0","17","9","20","11","46","17","31.1"
"136","6748","-1","-0","17","9","20","11","46","19","31.1"
"136","6747","-1","-0","17","9","20","11","46","21","31.1"
"136","6747","-1","-0","17","9","20","11","46","23","31.0"
"136","6755","-1","-0","17","9","20","11","46","25","31.0"
"137","6767","-1","-0","17","9","20","11","46","28","31.0"
"137","6779","-1","-0","17","9","20","11","46","29","31.0"
"137","6791","-1","-0","17","9","20","11","46","31","31.1"
"137","6805","-1","0","17","9","20","11","46","31","31.1"
"137","6816","-1","0","17","9","20","11","46","32","31.1"
"137","6827","-1","0","17","9","20","11","46","32","31.2"
"138","6838","-1","0","17","8","20","11","46","32","31.2"
"138","6848","-1","0","16","8","20","11","46","32","31.3"
"138","6858","-1","0","16","8","20","11","46","32","31.3"
"138","6868","-1","0","16","8","20","11","46","32","31.4"
"138","6878","-1","0","16","8","20","11","46","31","31.4"
"139","6888","-1","0","16","8","20","11","46","31","31.5"
"139","6898","-1","0","16","8","20","11","46","31","31.5"
"139","6908","-1","0","16","8","20","11","46","31","31.6"
"139","6918","-1","0","16","8","20","11","46","31","31.6"
"139","6929","-1","0","16","8","20","11","46","31","31.7"
"139","6938","-1","0","16","8","20","11","46","31","31.7"
"140","6947","-1","0","16","8","20","11","46","31","31.7"
"140","6958","-1","0","16","8","20","11","46","31","31.8"
"140","6967","-1","0","16","8","20","11","46","31","31.8"
"140","6976","-1","0","16","8","20","11","46","31","31.9"
"140","6986","-1","0","16","8","20","11","46","31","31.9"
"140","6995","-1","0","16","8","20","11","46","31","32.0"
"141","7002","-1","0","16","8","20","11","46","31","32.0"
"141","7010","-1","0","16","8","20","11","46","31","32.1"
"141","7018","-1","0","16","8","20","11","46","30","32.1"
"141","7025","-1","0","16","8","20","11","46","30","32.1"
"141","7031","-1","0","16","8","20","11","46","30","32.2"
"142","7036","-1","0","16","8","20","11","46","29","32.2"
"142","7041","-1","-0","16","8","20","11","46","29","32.2"
"142","7045","-1","-0","16","8","20","11","46","28","32.3"
"142","7048","-1","-0","16","8","20","11","46","28","32.3"
"142","7051","-1","-0","16","8","20","11","46","27","32.3"
"142","7052","-1","-0","16","8","20","11","46","27","32.3"
"143","7054","-1","-0","17","8","20","11","46","26","32.4"
"143","7055","-1","-0","17","8","20","11","46","26","32.4"
"143","7055","-1","-0","17","8","20","11","46","26","32.4"
"143","7055","-1","-0","17","8","20","11","46","25","32.4"
"143","7057","-1","-0","17","8","20","11","46","25","32.4"
"144","7057","-1","-0","17","8","20","11","46","25","32.4"
"144","7057","-1","-0","17","8","20","11","46","25","32.4"
"144","7058","-1","-0","17","8","20","10","46","25","32.4"
"144","7059","-1","-0","17","8","20","10","46","25","32.4"
"144","7059","-1","-0","17","8","20","10","46","25","32.4"
"144","7059","-1","-0","17","8","20","10","46","25","32.4"
"145","7060","-1","-0","17","8","20","10","46","25","32.4"
"145","7061","-1","-0","17","8","20","10","46","25","32.4"
"145","7061","-1","-0","17","8","20","10","46","25","32.4"
"145","7062","-1","-0","17","8","20","10","46","25","32.4"
"145","7062","-1","-0","17","8","20","10","46","25","32.4"
"146","7063","-1","-0","17","8","20","10","46","25","32.4"
"146","7064","-1","-0","17","8","20","10","46","25","32.4"
"146","7064","-1","-0","17","8","20","10","46","25","32.4"
"146","7065","-1","-0","17","8","20","10","46","25","32.4"
"146","7065","-1","-0","17","8","20","10","46","25","32.5"
"146","7066","-1","-0","17","8","20","10","46","25","32.5"
"147","7067","-1","-0","17","8","20","10","46","25","32.5"
"147","7067","-1","-0","17","8","20","10","46","25","32.5"
"147","7068","-1","-0","17","8","20","10","46","25","32.5"
"147","7068","-1","-0","17","8","20","10","46","24","32.5"
"147","7068","-1","-0","17","8","20","10","46","24","32.5"
"147","7067","-1","-0","17","8","20","10","46","24","32.5"
"148","7066","-1","-0","17","8","20","10","46","23","32.5"
"148","7062","-1","-0","17","8","20","10","46","22","32.5"
"148","7058","-1","-0","17","8","20","10","46","22","32.5"
"148","7054","-1","-0","17","8","20","10","46","22","32.5"
"148","7048","-1","-0","17","8","20","10","46","20","32.5"
"149","7042","-1","-0","17","8","20","10","46","19","32.4"
"149","7037","-1","-0","17","8","20","10","46","20","32.4"
"149","7032","-1","-0","17","8","20","10","46","20","32.4"
"149","7027","-1","-0","17","8","20","10","46","20","32.4"
"149","7023","-1","-0","17","8","20","10","46","20","32.4"
"149","7020","-1","-0","17","8","20","10","46","20","32.3"
"150","7016","-1","-0","17","8","20","10","46","20","32.3"
"150","7012","-1","-0","17","8","20","10","46","20","32.3"
"150","7008","-1","-0","17","8","20","10","46","21","32.3"
"150","7006","-1","-0","17","8","20","10","46","21","32.3"
"150","7003","-1","-0","17","8","20","10","46","21","32.2"
"151","7002","-1","-0","17","8","20","10","46","22","32.2"
"151","7002","-1","-0","17","8","20","10","46","23","32.2"
"151","7003","-1","-0","17","8","20","10","46","24","32.2"
"151","7005","-1","-0","17","8","20","10","46","24","32.2"
"151","7007","-1","-0","17","8","20","10","46","24","32.2"
"151","7009","-1","-0","17","8","20","10","46","25","32.2"
"152","7010","-1","-0","17","8","20","10","46","25","32.2"
"152","7011","-1","-0","17","8","20","10","46","24","32.2"
"152","7012","-1","-0","17","8","20","10","46","24","32.2"
"152","7012","-1","-0","17","8","20","10","46","24","32.2"
"152","7012","-1","-0","17","8","20","10","46","24","32.2"
"153","7012","-1","-0","17","8","20","10","46","24","32.2"
"153","7012","-1","-0","17","8","20","10","46","24","32.2"
"153","7013","-1","-0","17","8","20","10","46","24","32.2"
"153","7013","-1","-0","17","8","20","10","46","24","32.2"
"153","7014","-1","-0","17","8","20","10","46","24","32.2"
"153","7014","-1","-0","17","8","20","10","46","24","32.2"
"154","7014","-1","-0","17","8","20","10","46","24","32.2"
"154","7015","-1","-0","17","8","20","10","46","24","32.2"
"154","7015","-1","-0","17","8","20","10","46","24","32.2"
"154","7015","-1","-0","17","8","20","10","46","24","32.2"
"154","7015","-1","-0","17","8","20","10","46","24","32.2"
"154","7016","-1","-0","17","8","20","10","46","24","32.2"
"155","7016","-1","-0","17","8","20","10","46","24","32.2"
"155","7016","-1","-0","17","8","20","10","46","24","32.2"
"155","7017","-1","-0","17","8","20","10","46","24","32.2"
"155","7017","-1","-0","17","8","20","10","46","24","32.2"
"155","7017","-1","-0","17","8","20","10","46","24","32.2"
"156","7016","-1","-0","17","8","20","10","46","24","32.2"
"156","7016","-1","-0","17","8","20","10","46","24","32.2"
"156","7016","-1","-0","17","8","20","10","46","24","32.2"
"156","7016","-1","-0","17","8","20","10","46","24","32.2"
"156","7015","-1","-0","17","8","20","10","46","24","32.2"
"156","7015","-1","-0","17","8","20","10","46","24","32.2"
"157","7015","-1","-0","17","8","20","10","46","24","32.2"
"157","7014","-1","-0","17","8","20","10","46","24","32.2"
"157","7014","-1","-0","17","8","20","10","46","24","32.2"
"157","7014","-1","-0","17","8","20","10","46","24","32.2"
"157","7014","-1","-0","17","8","20","10","46","24","32.2"
"158","7014","-1","-0","17","8","20","10","46","24","32.2"
"158","7014","-1","-0","17","8","20","10","46","24","32.2"
"158","7014","-1","-0","17","8","20","10","46","24","32.2"
"158","7013","-1","-0","17","8","20","10","46","24","32.2"
"158","7012","-1","-0","17","8","20","10","46","24","32.2"
"158","7012","-1","-0","17","8","20","10","46","24","32.2"
"159","7012","-1","-0","17","8","20","10","46","24","32.2"
"159","7012","-1","-0","17","8","20","10","46","24","32.2"
"159","7011","-1","-0","17","8","20","10","46","24","32.2"
"159","7011","-1","-0","17","8","20","10","46","24","32.2"
"159","7011","-1","-0","17","8","20","10","46","24","32.2"
"159","7010","-1","-0","17","8","20","10","46","24","32.2"
"160","7010","-1","-0","17","8","20","10","46","24","32.2"
"160","7009","-1","-0","17","8","20","10","46","24","32.2"
"160","7008","-1","-0","17","8","20","10","46","24","32.2"
"160","7008","-1","-0","17","8","20","10","46","24","32.2"
"160","7007","-1","-0","17","8","20","10","46","24","32.2"
"161","7007","-1","-0","17","8","20","10","46","23","32.2"
"161","7006","-1","-0","17","8","20","10","46","23","32.2"
"161","7005","-1","-0","17","8","20","10","46","23","32.2"
"161","7003","-1","-0","17","8","20","10","45","23","32.2"
"161","7002","-1","-0","17","8","20","10","42","23","32.2"
"161","7001","-1","-0","17","8","20","10","39","23","32.2"
"162","7000","-1","-0","17","8","20","10","36","23","32.2"
"162","7000","-1","-0","17","8","20","11","31","23","32.2"
"162","7001","-1","0","16","8","20","11","25","23","32.2"
"162","7002","-0","0","16","9","19","12","20","23","32.3"
"162","7005","-0","0","15","9","19","12","15","23","32.3"
"163","7007","-0","0","15","10","18","13","10","23","32.3"
"163","7010","-0","0","14","11","18","14","7","22","32.3"
"163","7012","-0","0","13","11","17","15","4","22","32.3"
"163","7013","-0","0","13","12","17","16","1","21","32.3"
"163","7013","-0","0","13","12","16","16","0","21","32.3"
"163","7013","-0","-0","12","12","16","16","0","20","32.3"
"164","7010","-0","-0","12","12","16","16","0","19","32.3"
"164","7006","-0","-0","12","12","16","16","0","18","32.3"
"164","7002","-0","-0","13","12","16","16","0","18","32.3"
"164","6997","-0","-0","13","12","16","16","-0","18","32.3"
"164","6993","-0","-0","13","12","16","16","-0","17","32.3"
"165","6986","0","-0","13","12","16","16","-2","17","32.2"
"165","6980","0","-0","13","12","16","16","-3","16","32.2"
"165","6973","0","-0","13","13","16","16","-5","16","32.2"
"165","6965","0","-0","13","13","16","16","-8","15","32.2"
"165","6957","0","-0","12","13","16","16","-12","15","32.1"
"165","6950","0","-0","12","13","15","16","-15","15","32.1"
"166","6942","0","-0","12","14","15","17","-18","15","32.0"
"166","6934","0","-0","12","14","14","17","-19","15","32.0"
"166","6925","0","-0","11","15","14","18","-20","15","31.9"
"166","6917","0","-0","11","15","13","18","-20","15","31.9"
"166","6907","0","-0","11","15","13","18","-21","15","31.9"
"166","6898","0","-0","11","15","13","18","-22","15","31.8"
"167","6891","0","-0","11","15","13","18","-25","15","31.8"
"167","6882","0","-0","11","15","13","18","-29","15","31.8"
"167","6874","1","-0","11","14","14","18","-33","15","31.7"
"167","6865","1","-0","11","15","13","18","-38","15","31.7"
"167","6855","1","-0","10","15","13","18","-43","15","31.6"
"168","6844","1","-0","10","16","12","19","-47","14","31.5"
"168","6831","1","-0","9","16","11","19","-48","14","31.5"
"168","6817","1","-0","9","17","11","19","-48","14","31.4"
"168","6803","1","-0","9","17","10","20","-49","14","31.3"
"168","6788","1","-0","9","17","10","20","-49","14","31.3"
"168","6774","1","-0","9","18","10","20","-47","14","31.2"
"169","6761","1","-0","9","17","10","20","-46","14","31.2"
"169","6750","1","-0","9","17","10","20","-46","15","31.2"
"169","6739","1","-0","9","17","10","19","-46","14","31.1"
"169","6728","1","-0","9","17","11","19","-45","14","31.1"
"169","6719","1","-0","9","17","11","19","-45","14","31.0"
"169","6710","1","-0","9","17","11","19","-45","14","31.0"
"170","6701","1","-0","9","17","11","19","-45","14","31.0"
"170","6692","1","-0","9","17","11","19","-45","14","30.9"
"170","6683","1","-0","9","17","10","20","-45","14","30.9"
"170","6675","1","-0","9","17","10","20","-45","14","30.8"
"170","6666","1","-0","9","17","10","19","-45","14","30.8"
"170","6657","1","-0","9","17","11","19","-45","14","30.7"
"171","6649","1","-0","9","17","11","19","-45","14","30.7"
"171","6640","1","-0","9","17","11","19","-45","14","30.7"
"171","6632","1","-0","9","17","11","19","-45","14","30.6"
"171","6624","1","-0","9","17","11","19","-45","14","30.6"
"171","6616","1","-0","9","17","11","19","-45","14","30.6"
"171","6608","1","-0","9","17","11","19","-45","15","30.5"
"172","6600","1","-0","9","17","11","19","-45","15","30.5"
"172","6593","1","-0","9","17","11","19","-45","15","30.4"
"172","6585","1","-0","9","17","11","19","-45","15","30.4"
"172","6578","1","-0","9","17","11","19","-45","15","30.4"
"172","6571","1","-0","9","17","11","19","-45","15","30.3"
"172","6564","1","-0","9","17","11","19","-45","15","30.3"
"173","6557","1","-0","9","17","11","19","-45","15","30.3"
"173","6551","1","-0","9","17","11","19","-45","15","30.2"
"173","6544","1","-0","9","17","11","19","-45","15","30.2"
"173","6539","1","-0","9","16","11","19","-45","15","30.2"
"173","6533","1","-0","9","16","11","19","-45","16","30.1"
"173","6528","1","-0","9","16","11","19","-45","15","30.1"
"174","6522","1","-0","9","16","11","19","-45","16","30.1"
"174","6517","1","-0","9","16","11","19","-45","16","30.1"
"174","6512","1","-0","9","16","11","19","-45","16","30.0"
"174","6506","1","-0","9","16","11","19","-45","16","30.0"
"174","6501","1","-0","9","16","11","19","-45","16","30.0"
"174","6496","1","-0","9","16","11","19","-45","16","30.0"
"175","6491","1","-0","9","16","11","19","-45","16","29.9"
"175","6487","1","-0","9","16","11","19","-45","16","29.9"
"175","6483","1","-0","9","16","11","19","-45","16","29.9"
"175","6479","1","-0","9","16","11","19","-45","16","29.9"
"175","6476","1","-0","9","16","11","19","-45","17","29.9"
"175","6472","1","-0","9","16","11","19","-45","17","29.8"
"176","6470","1","-0","9","16","11","19","-45","18","29.8"
"176","6467","1","-0","9","16","11","19","-45","18","29.8"
"176","6464","1","-0","9","16","11","19","-45","18","29.8"
"176","6462","1","-0","9","16","11","19","-45","18","29.8"
"176","6460","1","-0","9","16","11","19","-45","18","29.8"
"176","6459","1","-0","9","16","11","19","-45","19","29.8"
"177","6459","1","-0","9","16","11","19","-45","19","29.7"
"177","6460","1","-0","9","16","11","19","-45","19","29.7"
"177","6461","1","-0","9","16","11","19","-45","20","29.7"
"177","6463","1","-0","9","16","11","19","-45","21","29.7"
"177","6465","1","-0","9","16","11","19","-45","21","29.7"
"177","6467","1","-0","9","16","11","19","-45","21","29.7"
"178","6468","1","-0","9","16","11","19","-45","21","29.7"
"178","6468","1","-0","9","16","11","19","-45","21","29.7"
"178","6469","1","-0","9","16","11","19","-45","20","29.8"
"178","6470","1","-0","9","16","11","19","-45","21","29.8"
"178","6471","1","-0","9","16","11","19","-45","21","29.8"
"178","6471","1","-0","9","16","11","19","-45","20","29.8"
"179","6472","1","-0","9","16","11","19","-45","20","29.8"
"179","6473","1","-0","9","16","11","19","-45","20","29.8"
"179","6474","1","-0","9","16","11","19","-45","21","29.8"
"179","6474","1","-0","9","16","11","19","-45","21","29.8"
"179","6476","1","-0","9","16","11","19","-45","20","29.8"
"179","6476","1","-0","9","16","11","19","-45","20","29.8"
"180","6475","1","-0","9","16","11","19","-45","20","29.8"
"180","6473","1","-0","9","16","11","19","-45","19","29.8"
"180","6469","1","-0","9","16","11","19","-45","18","29.8"
"180","6462","1","-0","9","16","11","19","-45","17","29.8"
"180","6456","1","-0","9","16","11","19","-45","16","29.8"
"180","6449","1","-0","9","16","11","19","-45","15","29.8"
"181","6442","1","-0","9","16","11","19","-45","15","29.7"
"181","6435","1","-0","9","16","11","19","-45","15","29.7"
"181","6427","1","-0","9","16","11","19","-45","15","29.7"
"181","6421","1","-0","9","16","11","19","-45","14","29.6"
"181","6415","1","-0","9","16","11","19","-46","14","29.6"
"181","6405","1","-0","9","16","11","19","-46","13","29.6"
"182","6395","1","-0","9","16","11","19","-46","13","29.5"
"182","6388","1","-0","9","16","11","19","-45","12","29.5"
"182","6378","1","-0","9","16","11","19","-45","12","29.5"
"182","6368","1","-0","9","16","11","19","-45","12","29.4"
"182","6360","1","-0","9","16","11","19","-45","12","29.4"
"182","6351","1","-0","9","16","11","19","-45","12","29.4"
"183","6343","1","-0","9","16","11","19","-45","13","29.3"
"183","6336","1","-0","9","16","11","19","-45","13","29.3"
"183","6331","1","-0","9","16","11","19","-45","14","29.2"
"183","6326","1","-0","9","16","11","19","-45","14","29.2"
"183","6321","1","-0","9","16","11","19","-45","15","29.2"
"183","6316","1","-0","9","16","11","19","-45","15","29.1"
"184","6312","1","-0","9","16","11","19","-45","15","29.1"
"184","6308","1","-0","9","16","11","19","-45","15","29.1"
"184","6303","1","-0","9","16","11","19","-45","15","29.1"
"184","6298","1","-0","9","16","11","19","-45","15","29.1"
"184","6294","1","-0","9","16","11","19","-45","16","29.0"
"184","6289","1","-0","9","16","11","19","-45","15","29.0"
"185","6284","1","-0","9","16","11","19","-45","15","29.0"
"185","6280","1","-0","9","16","11","19","-45","15","29.0"
"185","6275","1","-0","9","16","11","19","-45","15","29.0"
"185","6271","1","-0","9","16","11","19","-45","15","28.9"
"185","6266","1","-0","9","16","11","19","-45","15","28.9"
"185","6262","1","-0","9","16","11","19","-45","15","28.9"
"185","6257","1","-0","9","16","11","19","-45","15","28.9"
"186","6251","1","-0","9","16","11","19","-45","15","28.8"
"186","6247","1","-0","9","16","11","19","-45","15","28.8"
"186","6242","1","-0","9","16","11","19","-45","15","28.8"
"186","6237","1","-0","9","16","11","19","-45","15","28.8"
"186","6232","1","-0","9","16","11","19","-45","15","28.8"
"186","6228","1","-0","9","16","11","19","-45","15","28.7"
"187","6223","1","-0","9","16","11","19","-45","15","28.7"
"187","6219","1","-0","9","16","11","19","-45","15","28.7"
"187","6214","1","-0","9","16","11","19","-45","15","28.7"
"187","6210","1","-0","9","16","11","19","-45","15","28.6"
"187","6206","1","-0","9","16","11","19","-45","16","28.6"
"187","6203","1","-0","9","16","11","19","-45","16","28.6"
"188","6205","1","-0","9","16","11","19","-45","18","28.6"
"188","6209","1","-0","9","16","11","19","-45","21","28.6"
"188","6226","1","-0","9","16","11","19","-45","26","28.6"
"188","6245","1","-0","9","16","11","19","-45","30","28.6"
"188","6267","1","-0","9","16","11","19","-45","32","28.6"
"188","6291","1","0","9","16","11","19","-45","34","28.6"
"189","6317","1","0","9","16","11","19","-45","37","28.7"
"189","6339","1","0","9","16","11","19","-45","37","28.8"
"189","6358","1","0","9","16","11","19","-45","36","28.9"
"189","6375","1","0","8","15","11","20","-45","35","29.0"
"189","6388","1","0","8","15","12","20","-45","34","29.1"
"189","6399","1","0","8","15","12","20","-45","33","29.2"
"189","6410","1","0","8","15","12","20","-45","31","29.3"
"190","6419","1","0","8","15","12","20","-45","30","29.3"
"190","6427","1","0","8","15","12","20","-45","28","29.4"
"190","6431","1","0","8","15","12","20","-45","26","29.4"
"190","6435","1","0","8","15","12","20","-45","25","29.5"
"190","6436","1","0","8","15","12","20","-45","23","29.5"
"190","6435","1","-0","8","16","12","20","-45","21","29.6"
"191","6431","1","-0","8","16","12","20","-45","20","29.6"
"191","6428","1","-0","8","16","12","20","-45","19","29.6"
"191","6425","1","-0","9","16","11","20","-45","19","29.6"
"191","6423","1","-0","9","16","11","20","-45","19","29.6"
"191","6421","1","-0","9","16","11","20","-45","19","29.6"
"191","6418","1","-0","9","16","11","20","-45","18","29.6"
"192","6414","1","-0","9","16","11","20","-45","17","29.5"
"192","6410","1","-0","9","16","11","20","-45","17","29.5"
"192","6403","1","-0","9","16","11","20","-45","16","29.5"
"192","6395","1","-0","9","16","11","19","-45","14","29.5"
"192","6386","1","-0","9","16","11","19","-45","14","29.5"
"192","6376","1","-0","9","16","11","19","-45","13","29.4"
"193","6365","1","-0","9","16","11","19","-45","12","29.4"
"193","6354","1","-0","9","16","11","19","-45","11","29.4"
"193","6343","1","-0","9","16","11","19","-45","11","29.3"
"193","6333","1","-0","9","16","11","19","-45","11","29.3"
"193","6324","1","-0","9","17","11","19","-45","11","29.2"
"193","6315","1","-0","9","17","11","19","-45","12","29.2"
"194","6305","1","-0","9","17","11","19","-45","12","29.1"
"194","6297","1","-0","9","17","11","19","-45","13","29.1"
"194","6290","1","-0","9","17","11","19","-45","14","29.0"
"194","6286","1","-0","9","17","11","19","-45","15","29.0"
"194","6282","1","-0","9","17","11","19","-45","16","29.0"
"194","6281","1","-0","9","17","11","19","-45","17","28.9"
"195","6281","1","-0","9","17","11","19","-45","18","28.9"
"195","6285","1","-0","9","16","11","19","-45","20","28.9"
"195","6290","1","-0","9","16","11","19","-45","22","28.9"
"195","6295","1","-0","9","16","11","19","-45","22","28.9"
"195","6300","1","-0","9","16","11","19","-45","23","28.9"
"195","6305","1","-0","9","16","11","20","-45","23","28.9"
"196","6309","1","-0","9","16","11","20","-45","22","28.9"
"196","6306","1","-0","9","16","12","20","-45","20","29.0"
"196","6300","1","-0","9","16","12","20","-45","17","29.0"
"196","6290","1","-0","9","16","12","20","-45","14","29.0"
"196","6277","1","-0","9","16","12","20","-45","11","29.0"
"196","6258","1","-0","9","16","12","20","-45","8","28.9"
"196","6238","1","-0","9","16","12","20","-45","6","28.9"
"197","6216","1","-0","9","16","12","20","-45","3","28.8"
"197","6193","1","-0","9","16","12","20","-45","2","28.8"
"197","6170","1","-0","9","17","11","20","-45","2","28.7"
"197","6147","1","-0","9","17","11","19","-45","1","28.6"
"197","6126","1","-0","10","17","11","19","-45","1","28.5"
"197","6104","1","-0","10","17","11","19","-45","1","28.4"
"198","6082","1","-0","10","17","11","19","-45","1","28.3"
"198","6061","1","-0","10","17","11","19","-45","1","28.1"
"198","6042","1","-0","10","17","11","19","-45","1","28.1"
"198","6022","1","-0","10","17","11","19","-45","1","28.0"
"198","6002","1","-0","10","17","11","19","-45","2","27.9"
"198","5985","1","-0","10","17","11","19","-45","3","27.8"
"199","5969","1","-0","10","17","11","19","-45","4","27.7"
"199","5959","1","-0","10","17","11","19","-45","8","27.6"
"199","5955","1","-0","10","17","11","19","-45","11","27.5"
"199","5955","1","-0","10","17","11","19","-45","14","27.5"
"199","5965","1","-0","10","17","11","19","-45","21","27.4"
"199","5981","1","-0","10","17","11","19","-45","27","27.4"
"199","6007","1","-0","10","16","11","19","-45","33","27.4"
"200","6033","1","0","10","16","12","19","-45","35","27.5"
"200","6058","1","0","10","16","12","19","-45","36","27.5"
"200","6078","1","0","9","16","12","19","-45","36","27.6"
"200","6096","1","0","9","16","12","20","-45","35","27.7"
"200","6110","1","0","9","15","12","20","-45","34","27.8"
"200","6122","1","0","9","15","12","20","-45","32","27.9"
"201","6132","1","0","9","15","13","20","-45","31","28.0"
"201","6140","1","0","9","15","13","20","-45","29","28.1"
"201","6149","1","0","9","15","13","20","-45","28","28.1"
"201","6156","1","0","9","15","13","20","-45","28","28.2"
"201","6165","1","0","9","15","13","20","-45","27","28.2"
"201","6173","1","0","9","15","12","20","-45","27","28.3"
"201","6181","1","0","9","16","12","20","-45","27","28.3"
"202","6190","1","0","9","16","12","20","-45","27","28.4"
"202","6199","1","0","9","16","12","20","-45","27","28.4"
"202","6207","1","0","9","16","12","20","-45","27","28.4"
"202","6215","1","0","9","16","12","20","-45","27","28.5"
"202","6223","1","0","9","16","12","20","-45","27","28.5"
"202","6232","1","0","9","16","12","20","-45","27","28.5"
"203","6239","1","0","9","16","12","20","-45","27","28.6"
"203","6247","1","0","9","16","12","20","-45","26","28.6"
"203","6254","1","0","9","16","12","20","-45","26","28.7"
"203","6258","1","0","9","16","12","20","-45","25","28.7"
"203","6261","1","0","9","16","12","20","-45","23","28.7"
"203","6261","1","0","9","16","12","20","-45","22","28.7"
"204","6256","1","-0","9","16","12","20","-45","19","28.8"
"204","6249","1","-0","9","16","12","20","-45","15","28.8"
"204","6235","1","-0","9","16","12","20","-45","12","28.8"
"204","6218","1","-0","9","16","12","20","-45","10","28.7"
"204","6198","1","-0","9","16","12","20","-45","6","28.7"
"204","6177","1","-0","9","16","12","20","-45","4","28.6"
"204","6155","1","-0","9","16","12","20","-45","2","28.6"
"205","6135","1","-0","10","17","12","20","-45","3","28.5"
"205","6118","1","-0","10","17","12","20","-45","5","28.4"
"205","6107","1","-0","10","17","12","19","-45","7","28.3"
"205","6098","1","-0","10","17","11","19","-45","10","28.2"
"205","6091","1","-0","10","17","11","19","-45","12","28.1"
"205","6093","1","-0","10","17","11","19","-45","17","28.1"
"206","6099","1","-0","10","17","11","19","-45","21","28.1"
"206","6112","1","-0","10","17","12","19","-45","23","28.0"
"206","6120","1","-0","10","17","12","19","-45","24","28.0"
"206","6127","1","0","10","17","12","19","-45","24","28.1"
"206","6132","1","0","10","16","12","19","-45","24","28.1"
"206","6138","1","0","10","16","12","20","-45","25","28.1"
"206","6144","1","0","9","16","12","20","-45","25","28.2"
"207","6154","1","-0","9","16","12","20","-45","26","28.2"
"207","6167","1","-0","9","16","12","20","-45","28","28.2"
"207","6180","1","0","9","16","12","20","-45","28","28.3"
"207","6192","1","0","9","16","12","20","-45","29","28.3"
"207","6205","1","0","9","16","12","20","-45","30","28.4"
"207","6216","1","0","9","16","12","20","-45","29","28.4"
"208","6227","1","0","9","16","12","20","-45","28","28.5"
"208","6232","1","0","9","16","12","20","-45","27","28.5"
"208","6235","1","0","9","16","12","20","-45","25","28.6"
"208","6235","1","0","9","16","12","20","-45","22","28.6"
"208","6230","1","-0","9","16","12","20","-45","19","28.6"
"208","6222","1","-0","9","16","12","20","-45","16","28.7"
"209","6207","1","-0","9","16","12","20","-45","12","28.6"
"209","6190","1","-0","9","16","12","20","-45","8","28.6"
"209","6169","1","-0","9","16","12","20","-45","6","28.6"
"209","6148","1","-0","9","16","12","20","-45","4","28.5"
"209","6126","1","-0","10","17","12","20","-45","1","28.4"
"209","6101","1","-0","10","17","12","20","-45","0","28.3"
"210","6077","1","-0","10","17","12","19","-45","0","28.3"
"210","6056","1","-0","10","17","12","19","-45","0","28.1"
"210","6035","1","-0","10","17","11","19","-45","0","28.0"
"210","6013","1","-0","10","17","11","19","-45","0","27.9"
"210","5993","1","-0","10","17","11","19","-45","1","27.8"
"210","5974","1","-0","10","17","11","19","-45","1","27.7"
"210","5955","1","-0","10","17","11","19","-45","3","27.6"
"211","5941","1","-0","10","17","11","19","-45","4","27.5"
"211","5928","1","-0","10","17","11","19","-45","7","27.4"
"211","5923","1","-0","10","17","12","19","-45","11","27.4"
"211","5921","1","-0","10","17","12","19","-45","15","27.3"
"211","5927","1","-0","10","17","12","19","-45","18","27.3"
"211","5934","1","-0","10","17","12","19","-45","21","27.3"
"211","5941","1","-0","10","17","12","19","-45","23","27.3"
"212","5950","1","0","10","16","12","19","-45","24","27.3"
"212","5959","1","0","10","16","12","19","-45","25","27.3"
"212","5968","1","0","10","16","12","19","-45","25","27.3"
"212","5975","1","0","10","16","12","19","-45","25","27.4"
"212","5981","1","0","9","16","12","19","-45","24","27.4"
"212","5986","1","0","9","16","12","19","-45","24","27.5"
"213","5992","1","0","9","16","12","19","-45","24","27.5"
"213","5997","1","0","9","16","12","19","-45","24","27.5"
"213","6003","1","-0","9","16","12","19","-45","23","27.5"
"213","6008","1","-0","9","16","12","19","-45","23","27.6"
"213","6014","1","-0","9","16","12","19","-45","23","27.6"
"213","6020","1","-0","9","16","12","19","-45","24","27.6"
"213","6025","1","-0","9","16","12","19","-45","24","27.6"
"214","6031","1","-0","9","16","12","19","-45","24","27.7"
"214","6038","1","-0","9","16","12","19","-45","24","27.7"
"214","6044","1","-0","9","16","12","19","-45","24","27.7"
"214","6050","1","-0","9","16","12","19","-45","24","27.8"
"214","6056","1","-0","9","16","12","19","-45","24","27.8"
"214","6062","1","-0","9","16","12","19","-45","24","27.8"
"215","6068","1","-0","9","16","12","19","-45","24","27.8"
"215","6073","1","-0","9","16","12","19","-45","23","27.9"
"215","6078","1","-0","9","16","12","19","-45","23","27.9"
"215","6082","1","-0","9","16","12","19","-45","23","27.9"
"215","6088","1","-0","9","16","12","19","-44","24","27.9"
"215","6094","1","-0","9","16","12","19","-44","24","28.0"
"215","6102","1","-0","9","16","12","19","-44","25","28.0"
"216","6112","1","-0","9","16","12","19","-44","26","28.0"
"216","6122","1","-0","9","16","12","19","-44","27","28.1"
"216","6133","1","0","9","16","12","19","-44","27","28.1"
"216","6144","1","0","9","16","12","19","-44","26","28.1"
"216","6149","1","0","9","16","12","19","-44","24","28.2"
"216","6147","1","0","9","16","12","19","-44","20","28.2"
"217","6130","1","0","9","16","12","19","-44","12","28.3"
"217","6112","1","-0","9","15","12","19","-44","8","28.3"
"217","6093","1","-0","9","15","12","19","-44","6","28.2"
"217","6070","1","-0","9","16","12","19","-44","3","28.2"
"217","6047","1","-0","9","16","12","19","-44","1","28.1"
"217","6025","1","-0","10","16","12","19","-44","1","28.0"
"218","6006","1","-0","10","16","12","19","-44","1","27.9"
"218","5987","1","-0","10","17","11","19","-44","1","27.8"
"218","5968","1","-0","10","17","11","19","-44","1","27.7"
"218","5949","1","-0","10","17","11","19","-44","1","27.6"
"218","5932","1","-0","10","17","11","19","-44","1","27.5"
"218","5914","1","-0","10","17","11","19","-44","1","27.4"
"218","5895","1","-0","10","17","11","18","-44","1","27.4"
"219","5876","1","-0","10","17","11","18","-44","1","27.3"
"219","5857","1","-0","10","16","11","18","-44","1","27.2"
"219","5837","1","-0","10","16","12","18","-44","1","27.1"
"219","5817","1","-0","10","16","12","18","-44","0","27.0"
"219","5797","1","-0","10","16","12","18","-44","0","26.9"
"219","5781","1","-0","10","16","11","18","-44","1","26.8"
"219","5767","1","-0","10","16","11","18","-44","4","26.7"
"220","5757","1","-0","10","16","11","18","-44","7","26.7"
"220","5755","1","-0","10","16","11","18","-44","11","26.6"
"220","5758","1","-0","10","16","12","18","-44","16","26.5"
"220","5766","1","-0","10","16","12","18","-44","20","26.5"
"220","5778","1","-0","10","16","12","18","-44","24","26.5"
"220","5794","1","0","10","16","12","18","-44","28","26.5"
"221","5811","1","0","10","16","12","18","-44","30","26.6"
"221","5828","1","0","10","16","12","18","-44","30","26.6"
"221","5840","1","0","9","15","12","19","-44","29","26.7"
"221","5851","1","0","9","15","12","19","-44","29","26.7"
"221","5861","1","0","9","15","12","19","-44","28","26.8"
"221","5869","1","0","9","15","12","19","-44","27","26.9"
"221","5877","1","0","9","15","12","19","-44","25","26.9"
"222","5881","1","0","9","15","12","19","-44","23","27.0"
"222","5883","1","0","9","15","12","19","-44","22","27.0"
"222","5883","1","0","9","15","12","19","-44","20","27.1"
"222","5880","1","-0","9","15","12","19","-44","17","27.1"
"222","5876","1","-0","9","15","12","19","-44","15","27.1"
"222","5867","1","-0","9","15","12","19","-44","13","27.1"
"222","5858","1","-0","9","15","12","19","-44","11","27.1"
"223","5849","1","-0","9","15","12","19","-44","11","27.0"
"223","5841","1","-0","9","15","12","19","-44","11","27.0"
"223","5834","1","-0","9","16","12","19","-44","11","27.0"
"223","5827","1","-0","10","16","12","19","-44","11","26.9"
"223","5821","1","-0","10","16","12","19","-44","11","26.9"
"223","5814","1","-0","10","16","12","18","-44","11","26.9"
"224","5808","1","-0","10","16","12","18","-44","12","26.8"
"224","5803","1","-0","10","16","12","18","-44","12","26.8"
"224","5801","1","-0","10","16","12","18","-44","14","26.8"
"224","5800","1","-0","10","16","12","18","-44","15","26.7"
"224","5802","1","-0","10","16","12","18","-44","16","26.7"
"224","5804","1","-0","10","16","12","18","-44","18","26.7"
"224","5807","1","-0","10","16","12","18","-44","19","26.7"
"225","5811","1","-0","10","16","12","18","-44","19","26.7"
"225","5814","1","-0","10","15","12","18","-44","20","26.7"
"225","5818","1","-0","9","15","12","19","-44","20","26.7"
"225","5822","1","-0","9","15","12","19","-44","21","26.8"
"225","5827","1","-0","9","15","12","19","-44","21","26.8"
"225","5832","1","-0","9","15","12","19","-44","22","26.8"
"225","5839","1","-0","9","15","12","19","-44","23","26.8"
"226","5847","1","-0","9","15","12","19","-44","23","26.8"
"226","5857","1","0","9","15","12","19","-44","24","26.9"
"226","5867","1","0","9","15","12","19","-44","25","26.9"
"226","5877","1","0","9","15","12","19","-44","26","26.9"
"226","5887","1","0","9","15","12","19","-44","26","27.0"
"226","5898","1","0","9","15","12","19","-44","26","27.0"
"226","5908","1","0","9","15","12","19","-44","26","27.1"
"227","5918","1","0","9","15","12","19","-44","26","27.1"
"227","5927","1","0","9","15","12","19","-44","26","27.2"
"227","5935","1","0","9","15","12","19","-44","25","27.2"
"227","5942","1","0","9","15","12","19","-44","24","27.2"
"227","5946","1","0","9","15","12","19","-44","23","27.3"
"227","5950","1","0","9","15","12","19","-44","22","27.3"
"228","5951","1","0","9","15","12","19","-44","20","27.4"
"228","5951","1","-0","9","15","12","19","-44","19","27.4"
"228","5948","1","-0","9","15","12","19","-44","17","27.4"
"228","5944","1","-0","9","15","12","19","-44","16","27.4"
"228","5939","1","-0","9","15","12","19","-44","14","27.4"
"228","5932","1","-0","9","15","12","19","-44","13","27.4"
"228","5925","1","-0","9","15","12","19","-44","12","27.4"
"229","5918","1","-0","9","15","12","19","-44","12","27.3"
"229","5912","1","-0","9","15","12","19","-44","12","27.3"
"229","5906","1","-0","9","16","12","19","-44","12","27.3"
"229","5900","1","-0","9","16","12","19","-44","12","27.3"
"229","5895","1","-0","9","16","12","18","-44","12","27.2"
"229","5891","1","-0","9","16","12","18","-44","13","27.2"
"230","5888","1","-0","9","16","12","18","-44","14","27.2"
"230","5885","1","-0","9","16","12","18","-44","14","27.2"
"230","5882","1","-0","9","16","12","18","-44","14","27.1"
"230","5879","1","-0","9","16","12","18","-44","14","27.1"
"230","5878","1","-0","9","16","12","18","-44","14","27.1"
"230","5875","1","-0","9","16","12","18","-44","15","27.1"
"230","5872","1","-0","9","15","12","18","-44","15","27.1"
"231","5873","1","-0","9","15","12","18","-44","16","27.1"
"231","5873","1","-0","9","15","12","18","-44","17","27.1"
"231","5875","1","-0","9","15","12","18","-44","18","27.1"
"231","5878","1","-0","9","15","12","18","-44","19","27.1"
"231","5882","1","-0","9","15","12","18","-44","20","27.1"
"231","5886","1","-0","9","15","12","18","-44","20","27.1"
"231","5889","1","-0","9","15","12","19","-44","20","27.1"
"232","5894","1","-0","9","15","12","19","-44","21","27.1"
"232","5897","1","-0","9","15","12","19","-44","21","27.1"
"232","5901","1","-0","9","15","12","19","-44","20","27.1"
"232","5904","1","-0","9","15","12","19","-44","20","27.1"
"232","5907","1","-0","9","15","12","19","-44","20","27.2"
"232","5911","1","-0","9","15","12","19","-44","20","27.2"
"233","5914","1","-0","9","15","12","19","-44","20","27.2"
"233","5916","1","-0","9","15","12","19","-44","20","27.2"
"233","5918","1","-0","9","15","12","19","-44","19","27.2"
"233","5919","1","-0","9","15","12","19","-44","19","27.2"
"233","5921","1","-0","9","15","12","19","-44","19","27.2"
"233","5921","1","-0","9","15","12","19","-44","18","27.3"
"233","5922","1","-0","9","15","12","19","-44","18","27.3"
"234","5923","1","-0","9","15","12","19","-44","18","27.3"
"234","5923","1","-0","9","15","12","19","-44","18","27.3"
"234","5923","1","-0","9","15","12","19","-44","18","27.3"
"234","5923","1","-0","9","15","12","19","-44","17","27.3"
"234","5923","1","-0","9","15","12","19","-44","17","27.3"
"234","5922","1","-0","9","15","12","19","-44","17","27.3"
"235","5920","1","-0","9","15","12","19","-44","16","27.3"
"235","5919","1","-0","9","15","12","19","-44","15","27.3"
"235","5914","1","-0","9","15","12","19","-44","14","27.3"
"235","5907","1","-0","9","15","12","19","-44","13","27.3"
"235","5902","1","-0","9","15","12","19","-44","13","27.2"
"235","5896","1","-0","9","15","12","19","-44","13","27.2"
"235","5892","1","-0","9","15","12","19","-44","13","27.2"
"236","5887","1","-0","9","15","12","19","-44","13","27.2"
"236","5883","1","-0","9","15","12","18","-44","13","27.2"
"236","5879","1","-0","9","16","12","18","-44","13","27.1"
"236","5876","1","-0","9","16","12","18","-44","14","27.1"
"236","5872","1","-0","9","16","12","18","-44","13","27.1"
"236","5868","1","-0","9","16","12","18","-44","13","27.1"
"236","5863","1","-0","9","15","12","18","-44","13","27.1"
"237","5859","1","-0","9","15","12","18","-44","13","27.0"
"237","5855","1","-0","9","15","12","18","-44","14","27.0"
"237","5850","1","-0","9","15","12","18","-44","13","27.0"
"237","5847","1","-0","9","15","12","18","-44","14","27.0"
"237","5845","1","-0","9","15","12","18","-44","15","27.0"
"237","5844","1","-0","9","15","12","18","-44","15","26.9"
"238","5845","1","-0","9","15","12","18","-44","16","26.9"
"238","5846","1","-0","9","15","12","18","-44","17","26.9"
"238","5849","1","-0","9","15","12","18","-44","18","26.9"
"238","5853","1","-0","9","15","12","18","-44","20","26.9"
"238","5858","1","-0","9","15","12","18","-44","20","26.9"
"238","5864","1","-0","9","15","12","18","-44","21","26.9"
"238","5869","1","-0","9","15","12","19","-44","22","27.0"
"239","5875","1","-0","9","15","12","19","-44","22","27.0"
"239","5880","1","0","9","15","12","19","-44","21","27.0"
"239","5882","1","0","9","15","12","19","-44","20","27.0"
"239","5883","1","-0","9","15","12","19","-44","19","27.1"
"239","5881","1","-0","9","15","12","19","-44","17","27.1"
"239","5876","1","-0","9","15","12","19","-44","15","27.1"
"239","5869","1","-0","9","15","12","19","-44","13","27.1"
"240","5861","1","-0","9","15","12","19","-44","11","27.1"
"240","5851","1","-0","9","15","12","19","-44","10","27.0"
"240","5837","1","-0","9","15","12","19","-44","7","27.0"
"240","5824","1","-0","9","15","12","19","-44","6","27.0"
"240","5811","1","-0","9","15","12","19","-44","6","26.9"
"240","5798","1","-0","9","16","12","18","-44","6","26.9"
"241","5786","1","-0","9","16","11","18","-44","5","26.8"
"241","5773","1","-0","10","16","11","18","-44","5","26.8"
"241","5759","1","-0","10","16","11","18","-44","4","26.7"
"241","5744","1","-0","10","16","11","18","-44","3","26.6"
"241","5728","1","-0","10","16","11","18","-44","2","26.6"
"241","5711","1","-0","10","16","11","18","-44","2","26.5"
"241","5695","1","-0","10","16","11","18","-44","2","26.4"
"242","5679","1","-0","10","16","11","18","-44","2","26.3"
"242","5664","1","-0","10","16","11","18","-44","3","26.3"
"242","5653","1","-0","10","16","11","18","-44","5","26.2"
"242","5644","1","-0","10","16","11","18","-44","7","26.1"
"242","5639","1","-0","10","16","11","18","-44","10","26.1"
"242","5638","1","-0","10","16","11","18","-44","12","26.0"
"242","5639","1","-0","10","16","11","18","-44","15","26.0"
"243","5644","1","-0","10","16","11","18","-44","18","26.0"
"243","5650","1","-0","10","16","12","18","-44","20","26.0"
"243","5657","1","-0","10","15","12","18","-44","21","26.0"
"243","5666","1","-0","9","15","12","18","-44","23","26.0"
"243","5676","1","0","9","15","12","18","-44","25","26.0"
"243","5685","1","0","9","15","12","18","-44","25","26.1"
"243","5695","1","0","9","15","12","19","-44","26","26.1"
"244","5705","1","0","9","15","12","19","-44","26","26.1"
"244","5715","1","0","9","15","12","19","-44","26","26.2"
"244","5724","1","0","9","15","12","19","-44","26","26.2"
"244","5734","1","0","9","15","12","19","-44","26","26.3"
"244","5743","1","0","9","15","12","19","-44","26","26.3"
"244","5752","1","0","9","15","12","19","-44","26","26.4"
"244","5761","1","0","9","15","12","19","-44","26","26.4"
"245","5769","1","0","9","15","12","19","-44","25","26.4"
"245","5777","1","0","9","15","12","19","-44","25","26.5"
"245","5786","1","0","9","15","12","19","-44","25","26.5"
"245","5794","1","0","9","15","12","19","-44","25","26.6"
"245","5803","1","0","9","15","12","19","-44","25","26.6"
"245","5812","1","0","9","15","12","19","-44","25","26.6"
"245","5820","1","0","9","15","12","19","-44","25","26.7"
"246","5829","1","0","9","15","12","19","-44","26","26.7"
"246","5839","1","0","9","15","12","19","-44","26","26.8"
"246","5848","1","0","9","15","12","19","-44","26","26.8"
"246","5857","1","0","9","15","12","19","-44","26","26.8"
"246","5867","1","0","9","15","12","19","-44","26","26.9"
"246","5876","1","0","9","15","12","19","-44","25","26.9"
"247","5884","1","0","9","15","12","19","-44","25","27.0"
"247","5892","1","0","9","15","12","19","-44","25","27.0"
"247","5899","1","0","9","15","12","19","-44","25","27.0"
"247","5906","1","0","9","15","12","19","-44","24","27.1"
"247","5912","1","0","9","15","12","19","-44","24","27.1"
"247","5920","1","0","9","15","12","19","-44","24","27.2"
"247","5924","1","0","9","15","12","19","-44","22","27.2"
"248","5927","1","0","9","15","12","19","-44","20","27.2"
"248","5923","1","0","9","15","12","19","-44","18","27.2"
"248","5919","1","-0","9","15","12","19","-44","16","27.3"
"248","5913","1","-0","9","15","12","19","-44","15","27.3"
"248","5905","1","-0","9","15","12","19","-44","13","27.3"
"248","5897","1","-0","9","15","12","19","-44","12","27.2"
"248","5888","1","-0","9","15","12","19","-44","11","27.2"
"249","5879","1","-0","9","15","12","19","-44","11","27.2"
"249","5872","1","-0","9","16","12","19","-44","10","27.1"
"249","5864","1","-0","9","16","12","19","-44","10","27.1"
"249","5856","1","-0","9","16","12","19","-44","10","27.1"
"249","5849","1","-0","10","16","12","19","-44","11","27.0"
"249","5842","1","-0","10","16","12","19","-44","11","27.0"
"250","5834","1","-0","10","16","12","19","-44","11","27.0"
"250","5827","1","-0","10","16","12","19","-44","11","26.9"
"250","5820","1","-0","10","16","12","19","-44","11","26.9"
"250","5812","1","-0","10","16","12","19","-44","11","26.8"
"250","5805","1","-0","10","16","12","19","-44","11","26.8"
"250","5797","1","-0","10","16","12","19","-44","11","26.8"
"250","5791","1","-0","10","16","12","19","-44","11","26.7"
"251","5784","1","-0","10","16","12","19","-44","11","26.7"
"251","5778","1","-0","10","16","12","19","-44","12","26.7"
"251","5774","1","-0","10","16","12","19","-44","14","26.7"
"251","5776","1","-0","10","16","12","19","-44","16","26.6"
"251","5779","1","-0","10","16","12","19","-44","18","26.6"
"251","5783","1","-0","10","16","12","19","-44","20","26.6"
"251","5795","1","-0","10","16","12","19","-44","24","26.6"
"252","5808","1","-0","10","16","12","19","-44","27","26.6"
"252","5822","1","0","10","16","12","19","-44","28","26.6"
"252","5835","1","0","9","16","12","19","-44","28","26.7"
"252","5848","1","0","9","15","12","19","-44","28","26.7"
"252","5858","1","0","9","15","12","19","-44","28","26.8"
"252","5869","1","0","9","15","12","19","-44","28","26.8"
"253","5879","1","0","9","15","12","19","-44","28","26.9"
"253","5890","1","0","9","15","12","19","-44","28","27.0"
"253","5900","1","0","9","15","12","19","-44","27","27.0"
"253","5909","1","0","9","15","12","19","-44","27","27.1"
"253","5918","1","0","9","15","12","19","-44","27","27.1"
"253","5927","1","0","9","15","12","19","-44","26","27.1"
"253","5935","1","0","9","15","12","19","-44","25","27.2"
"254","5942","1","0","9","15","12","19","-44","24","27.2"
"254","5947","1","0","9","15","12","19","-44","24","27.3"
"254","5951","1","0","9","15","12","19","-44","24","27.3"
"254","5955","1","0","9","15","12","19","-44","22","27.3"
"254","5958","1","-0","9","15","12","19","-44","22","27.4"
"254","5960","1","-0","9","15","12","19","-44","21","27.4"
"254","5959","1","-0","9","15","12","19","-44","19","27.4"
"255","5957","1","-0","9","15","12","19","-44","17","27.4"
"255","5952","1","-0","9","16","12","19","-44","16","27.4"
"255","5947","1","-0","9","16","12","19","-44","15","27.4"
"255","5940","1","-0","9","16","12","19","-44","13","27.4"
"255","5933","1","-0","9","16","12","19","-44","13","27.4"
"255","5926","1","-0","9","16","12","19","-44","12","27.4"
"256","5918","1","-0","9","16","12","19","-44","12","27.3"
"256","5913","1","-0","10","16","12","19","-44","13","27.3"
"256","5908","1","-0","10","16","12","19","-44","13","27.3"
"256","5904","1","-0","10","16","12","19","-44","14","27.2"
"256","5902","1","-0","10","16","12","19","-44","15","27.2"
"256","5902","1","-0","10","16","12","19","-44","16","27.2"
"256","5902","1","-0","10","16","12","19","-44","17","27.2"
"257","5903","1","-0","10","16","12","19","-44","18","27.2"
"257","5905","1","-0","10","16","12","19","-44","19","27.2"
"257","5908","1","-0","10","16","12","19","-44","20","27.2"
"257","5910","1","-0","10","16","12","19","-44","21","27.2"
"257","5914","1","-0","10","16","12","19","-44","21","27.2"
"257","5918","1","-0","10","16","12","19","-44","21","27.2"
"258","5922","1","-0","9","16","12","19","-44","22","27.2"
"258","5928","1","-0","9","16","12","19","-44","23","27.2"
"258","5936","1","-0","9","16","12","19","-44","24","27.2"
"258","5946","1","-0","9","16","12","19","-44","26","27.3"
"258","5957","1","0","9","16","12","19","-44","27","27.3"
"258","5970","1","0","9","16","12","19","-44","28","27.3"
"258","5984","1","0","9","16","12","19","-44","29","27.4"
"259","5998","1","0","9","16","12","19","-44","30","27.4"
"259","6014","1","0","9","16","12","19","-44","31","27.5"
"259","6031","1","0","9","15","12","19","-44","31","27.5"
"259","6047","1","0","9","15","12","20","-44","32","27.6"
"259","6063","1","0","9","15","12","20","-44","33","27.7"
"259","6081","1","0","9","15","12","20","-44","32","27.7"
"259","6097","1","0","9","15","12","20","-44","32","27.8"
"260","6112","1","0","9","15","12","20","-44","31","27.9"
"260","6122","1","0","9","15","12","20","-44","30","27.9"
"260","6130","1","0","9","15","12","20","-44","29","28.0"
"260","6136","1","0","9","15","12","20","-44","27","28.1"
"260","6141","1","0","9","15","13","20","-44","26","28.1"
"260","6146","1","0","9","15","13","20","-44","25","28.2"
"261","6151","1","-0","9","15","12","20","-44","24","28.2"
"261","6155","1","-0","9","15","12","20","-44","24","28.2"
"261","6160","1","-0","9","16","12","20","-44","24","28.3"
"261","6165","1","-0","9","16","12","20","-44","24","28.3"
"261","6171","1","-0","9","16","12","20","-44","25","28.3"
"261","6179","1","-0","9","16","12","20","-44","25","28.3"
"262","6186","1","-0","9","16","12","20","-44","25","28.4"
"262","6193","1","-0","9","16","12","20","-44","25","28.4"
"262","6201","1","0","9","16","12","20","-44","26","28.4"
"262","6209","1","0","9","16","12","20","-44","26","28.4"
"262","6217","1","0","9","16","12","20","-44","26","28.5"
"262","6225","1","0","9","16","12","20","-44","26","28.5"
"262","6233","1","0","9","16","12","20","-44","26","28.6"
"263","6241","1","0","9","16","12","20","-44","26","28.6"
"263","6249","1","0","9","16","12","20","-44","26","28.6"
"263","6256","1","0","9","16","12","20","-44","26","28.7"
"263","6263","1","0","9","16","12","20","-44","26","28.7"
"263","6271","1","0","9","16","12","20","-44","26","28.7"
"263","6277","1","0","9","16","12","20","-44","26","28.8"
"264","6283","1","0","9","16","12","20","-44","26","28.8"
"264","6289","1","0","9","16","12","20","-44","25","28.8"
"264","6294","1","0","9","16","12","20","-44","24","28.9"
"264","6299","1","0","9","16","12","20","-44","24","28.9"
"264","6300","1","-0","9","16","12","20","-44","22","28.9"
"264","6300","1","-0","9","16","12","20","-44","21","28.9"
"265","6298","1","-0","9","16","12","20","-44","20","29.0"
"265","6294","1","-0","9","16","12","20","-44","18","29.0"
"265","6288","1","-0","9","16","12","20","-44","16","29.0"
"265","6281","1","-0","9","16","12","20","-44","16","29.0"
"265","6273","1","-0","9","16","12","20","-44","16","28.9"
"265","6268","1","-0","9","16","12","20","-44","15","28.9"
"266","6263","1","-0","10","16","12","20","-44","15","28.9"
"266","6256","1","-0","10","16","12","20","-44","14","28.9"
"266","6247","1","-0","10","17","12","20","-44","13","28.8"
"266","6236","1","-0","10","17","12","20","-44","12","28.8"
"266","6218","1","-0","10","17","12","20","-44","8","28.8"
"266","6200","1","-0","10","17","12","20","-44","6","28.7"
"266","6181","1","-0","10","17","12","20","-44","5","28.7"
"267","6161","1","-0","10","17","12","20","-44","4","28.6"
"267","6139","1","-0","10","17","12","19","-44","3","28.5"
"267","6120","1","-0","10","17","12","19","-44","3","28.4"
"267","6102","1","-0","10","17","12","19","-44","3","28.3"
"267","6086","1","-0","10","17","12","19","-44","5","28.2"
"267","6074","1","-0","10","17","12","19","-44","8","28.1"
"268","6066","1","-0","10","17","12","19","-44","10","28.1"
"268","6060","1","-0","10","17","12","19","-44","12","28.0"
"268","6056","1","-0","10","17","12","19","-44","14","27.9"
"268","6055","1","-0","10","17","12","19","-44","17","27.9"
"268","6060","1","-0","10","17","12","19","-44","20","27.9"
"268","6068","1","-0","10","17","12","19","-44","22","27.9"
"269","6079","1","-0","10","16","12","19","-44","24","27.9"
"269","6090","1","-0","10","16","12","19","-44","26","27.9"
"269","6104","1","0","10","16","12","19","-44","28","27.9"
"269","6118","1","0","10","16","12","19","-44","29","28.0"
"269","6132","1","0","10","16","12","19","-44","30","28.0"
"269","6143","1","0","9","16","12","20","-44","29","28.1"
"269","6152","1","0","9","16","12","20","-44","28","28.1"
"270","6156","1","0","9","16","12","20","-44","26","28.2"
"270","6158","1","0","9","15","12","20","-44","24","28.2"
"270","6157","1","0","9","15","12","20","-44","21","28.3"
"270","6155","1","-0","9","15","12","20","-44","20","28.3"
"270","6151","1","-0","9","16","12","20","-44","18","28.3"
"270","6143","1","-0","9","16","12","20","-44","16","28.3"
"271","6139","1","-0","9","16","12","20","-44","16","28.3"
"271","6135","1","-0","9","16","12","19","-44","16","28.3"
"271","6132","1","-0","9","16","12","19","-44","16","28.3"
"271","6129","1","-0","10","16","12","19","-44","16","28.3"
"271","6127","1","-0","10","16","12","19","-44","16","28.2"
"271","6123","1","-0","10","16","12","19","-44","16","28.2"
"271","6119","1","-0","10","16","12","19","-44","16","28.2"
"272","6115","1","-0","10","16","12","19","-44","16","28.2"
"272","6112","1","-0","10","16","12","19","-44","16","28.2"
"272","6108","1","-0","10","16","12","19","-44","16","28.2"
"272","6104","1","-0","10","16","12","19","-44","16","28.1"
"272","6100","1","-0","10","16","12","19","-44","15","28.1"
"272","6096","1","-0","10","16","12","19","-44","16","28.1"
"273","6093","1","-0","10","16","12","19","-44","16","28.1"
"273","6089","1","-0","10","16","12","19","-44","16","28.1"
"273","6086","1","-0","10","16","12","19","-44","16","28.1"
"273","6084","1","-0","10","16","12","19","-44","16","28.0"
"273","6085","1","-0","10","16","12","19","-44","18","28.0"
"273","6086","1","-0","10","16","12","19","-44","19","28.0"
"274","6090","1","-0","10","16","12","19","-44","21","28.0"
"274","6095","1","-0","10","16","12","19","-44","22","28.0"
"274","6102","1","-0","10","16","12","19","-44","23","28.0"
"274","6109","1","-0","10","16","12","19","-44","24","28.0"
"274","6116","1","-0","9","16","12","19","-44","24","28.1"
"274","6125","1","0","9","16","12","19","-44","25","28.1"
"274","6134","1","0","9","16","12","19","-44","25","28.1"
"275","6142","1","0","9","16","12","19","-44","26","28.1"
"275","6151","1","0","9","16","12","19","-44","26","28.2"
"275","6160","1","0","9","16","12","19","-44","26","28.2"
"275","6169","1","0","9","16","12","19","-44","26","28.3"
"275","6178","1","0","9","16","12","19","-44","26","28.3"
"275","6186","1","0","9","16","12","19","-44","26","28.3"
"276","6195","1","0","9","16","12","19","-44","26","28.4"
"276","6204","1","0","9","16","12","19","-44","26","28.4"
"276","6211","1","0","9","16","12","19","-44","26","28.5"
"276","6220","1","0","9","16","12","19","-44","26","28.5"
"276","6228","1","0","9","16","12","19","-44","26","28.5"
"276","6236","1","0","9","16","12","19","-44","26","28.6"
"277","6244","1","0","9","16","12","19","-44","26","28.6"
"277","6251","1","0","9","16","12","19","-44","26","28.6"
"277","6259","1","0","9","16","12","19","-44","26","28.7"
"277","6267","1","0","9","16","12","19","-44","26","28.7"
"277","6274","1","0","9","16","12","19","-44","26","28.8"
"277","6281","1","0","9","16","12","19","-44","25","28.8"
"277","6288","1","0","9","16","12","19","-44","25","28.8"
"278","6295","1","0","9","16","12","19","-44","25","28.9"
"278","6302","1","0","9","16","12","19","-44","25","28.9"
"278","6310","1","0","9","16","12","19","-44","25","28.9"
"278","6317","1","0","9","16","12","19","-44","25","29.0"
"278","6324","1","0","9","16","12","19","-44","25","29.0"
"278","6331","1","0","9","16","12","19","-44","25","29.0"
"279","6338","1","0","9","16","12","19","-43","25","29.1"
"279","6345","1","0","9","16","12","19","-42","25","29.1"
"279","6352","1","0","9","16","12","19","-40","25","29.1"
"279","6359","1","0","9","16","12","19","-37","25","29.2"
"279","6365","1","0","9","16","12","19","-33","25","29.2"
"279","6372","0","0","9","16","12","19","-28","25","29.3"
"280","6382","0","0","9","15","12","19","-22","25","29.3"
"280","6391","0","0","10","15","13","19","-17","25","29.4"
"280","6402","0","0","10","14","13","18","-12","25","29.4"
"280","6413","0","0","11","14","14","18","-8","25","29.5"
"280","6424","-0","0","11","13","15","17","-4","26","29.5"
"280","6436","-0","0","12","13","16","17","-3","26","29.6"
"281","6448","-0","0","12","12","16","16","-1","26","29.6"
"281","6459","-0","0","12","12","17","16","-0","27","29.6"
"281","6472","0","0","13","12","17","16","-0","27","29.7"
"281","6485","0","0","12","12","17","16","-0","27","29.7"
"281","6497","0","0","12","12","17","16","-0","28","29.8"
"281","6510","0","0","12","12","16","16","-0","28","29.8"
"282","6525","0","0","12","12","16","16","-0","29","29.9"
"282","6539","-0","0","12","12","16","16","-0","29","29.9"
"282","6553","-0","0","12","12","16","16","-0","30","30.0"
"282","6568","-0","0","12","12","16","16","-0","30","30.1"
"282","6583","-0","0","12","12","16","16","-0","30","30.1"
"282","6599","-0","0","12","12","16","16","-0","30","30.2"
"283","6614","0","0","12","12","16","16","-1","30","30.3"
"283","6628","0","0","12","12","16","16","-1","31","30.3"
"283","6644","0","0","12","12","16","16","-4","31","30.4"
"283","6660","0","0","12","12","16","16","-7","31","30.5"
"283","6673","0","0","12","12","16","16","-10","31","30.5"
"283","6690","0","0","12","12","16","16","-13","32","30.6"
"284","6707","0","0","12","12","16","17","-17","32","30.7"
"284","6723","0","0","11","13","15","17","-18","32","30.7"
"284","6738","0","0","11","13","15","18","-18","32","30.8"
"284","6755","0","0","10","14","14","18","-16","33","30.8"
"284","6770","0","0","10","14","14","19","-13","33","30.9"
"284","6785","0","0","10","14","13","19","-9","33","31.0"
"285","6799","-0","0","10","14","14","19","-5","33","31.1"
"285","6813","-0","0","11","13","15","18","-2","34","31.2"
"285","6829","-0","0","12","12","16","17","-1","34","31.3"
"285","6845","-0","0","12","11","17","16","-0","34","31.3"
"285","6861","-0","0","13","11","17","16","-0","34","31.4"
"285","6882","0","0","13","11","17","16","-0","35","31.5"
"286","6902","0","0","12","11","17","16","-0","35","31.6"
"286","6922","0","0","12","12","17","16","-0","35","31.6"
"286","6941","0","0","12","12","16","16","-0","35","31.7"
"286","6961","0","0","12","12","16","17","-0","35","31.8"
"286","6980","-0","0","12","12","16","17","-0","36","31.9"
"287","6998","-0","0","12","12","16","17","-0","36","32.0"
"287","7017","-0","0","12","12","16","16","-0","36","32.1"
"287","7035","-0","0","12","12","17","16","-0","36","32.2"
"287","7053","-0","0","12","12","17","16","-0","36","32.2"
"287","7073","0","0","12","12","17","16","-0","36","32.3"
"287","7092","0","0","12","12","17","16","-0","36","32.4"
"288","7110","0","0","12","12","16","16","-0","37","32.5"
"288","7130","0","0","12","12","16","16","-0","37","32.6"
"288","7151","0","0","12","12","16","16","-0","37","32.7"
"288","7170","-0","0","12","12","16","16","-0","38","32.8"
"288","7189","-0","0","12","12","16","16","-0","38","32.9"
"289","7210","-0","0","12","12","16","16","-0","38","32.9"
"289","7231","-0","0","12","12","16","16","-0","38","33.0"
"289","7251","0","0","12","12","16","16","-0","38","33.1"
"289","7271","0","0","12","12","16","16","-0","39","33.2"
"289","7292","0","0","12","12","16","16","-0","39","33.3"
"289","7313","0","0","12","12","16","16","-0","39","33.4"
"290","7333","0","0","12","12","16","16","-0","39","33.5"
"290","7352","0","0","12","12","16","16","-0","39","33.6"
"290","7373","0","0","12","12","17","16","-0","39","33.7"
"290","7393","0","0","12","12","17","16","-0","39","33.8"
"290","7413","0","0","12","12","17","16","-0","39","33.9"
"291","7433","0","0","12","12","17","16","-0","39","34.0"
"291","7453","0","0","12","12","17","16","-0","39","34.1"
"291","7473","0","0","12","12","17","16","-0","39","34.2"
"291","7492","0","0","12","12","17","16","-0","39","34.2"
"291","7512","0","0","12","12","17","16","-0","39","34.3"
"292","7532","0","0","12","12","17","16","-0","39","34.4"
"292","7552","0","0","12","12","17","16","-0","39","34.5"
"292","7571","0","0","12","12","17","16","-0","39","34.6"
"292","7590","0","0","12","12","17","16","-0","39","34.7"
"292","7610","0","0","12","12","17","16","-0","39","34.8"
"292","7630","0","0","12","12","17","16","-0","40","34.9"
"293","7649","0","0","12","12","17","16","-0","40","35.0"
"293","7669","0","0","12","12","17","16","-0","40","35.1"
"293","7689","0","0","12","12","17","16","-0","40","35.1"
"293","7708","0","0","12","12","17","16","-0","40","35.2"
"293","7727","0","0","12","12","17","16","-0","40","35.3"
"294","7744","0","0","12","12","17","16","-0","40","35.4"
"294","7763","0","0","12","12","17","16","-0","40","35.5"
"294","7781","0","0","12","12","17","17","-0","39","35.6"
"294","7798","0","0","12","12","17","17","-0","39","35.7"
"294","7815","0","0","12","12","17","17","-0","39","35.7"
"295","7831","0","0","12","12","17","17","-0","39","35.8"
"295","7848","0","0","12","12","17","17","-0","39","35.9"
"295","7864","0","0","12","12","17","16","-0","39","36.0"
"295","7880","0","0","12","12","17","16","-0","39","36.1"
"295","7895","0","0","12","12","17","16","-0","39","36.1"
"296","7909","0","0","12","12","17","16","-0","39","36.2"
"296","7925","0","0","12","12","17","16","-0","39","36.3"
"296","7940","0","0","12","12","17","16","0","38","36.4"
"296","7953","0","0","12","12","17","16","1","38","36.4"
"296","7968","-0","0","12","12","17","16","3","38","36.5"
"297","7982","-0","0","12","12","17","16","6","38","36.6"
"297","7996","-0","0","12","12","17","16","7","39","36.6"
"297","8010","-0","0","12","12","17","16","8","39","36.7"
"297","8025","-0","0","13","12","17","16","9","38","36.7"
"297","8040","-0","0","13","12","17","16","8","39","36.8"
"298","8054","-0","0","13","11","18","15","6","39","36.9"
"298","8067","-0","0","14","11","18","15","5","39","36.9"
"298","8079","0","0","14","11","18","15","4","39","37.0"
"298","8093","0","0","14","11","18","15","1","39","37.1"
"298","8105","0","0","13","11","18","15","0","39","37.1"
"299","8117","0","0","12","12","17","16","0","39","37.2"
"299","8130","0","0","12","13","16","17","0","39","37.3"
"299","8143","0","0","12","13","16","17","0","39","37.3"
"299","8156","-0","0","12","13","16","17","0","39","37.4"
"300","8169","-0","0","12","12","16","17","0","39","37.4"
"300","8183","-0","0","12","12","17","17","0","39","37.5"
"300","8196","-0","0","13","12","17","16","0","39","37.6"
"300","8208","-0","0","13","12","17","16","0","38","37.6"
"300","8222","0","0","13","12","17","16","0","38","37.7"
"301","8234","0","0","12","12","17","16","0","38","37.7"
"301","8247","0","0","12","12","17","16","0","39","37.8"
"301","8259","0","0","12","12","17","17","0","39","37.9"
"301","8272","0","0","12","12","16","17","0","39","37.9"
"301","8285","-0","0","12","12","17","17","0","39","38.0"
"302","8298","-0","0","12","12","17","17","1","39","38.0"
"302","8310","-0","0","12","12","17","17","1","39","38.1"
"302","8323","-0","0","12","12","17","16","3","39","38.1"
"302","8336","-0","0","12","12","17","16","5","39","38.2"
"302","8348","-0","0","12","12","17","16","7","39","38.3"
"303","8361","-0","0","13","12","17","16","11","39","38.3"
"303","8374","-0","0","13","12","17","16","15","39","38.4"
"303","8387","-0","0","13","12","17","16","16","39","38.4"
"303","8400","-0","0","14","11","18","15","16","39","38.4"
"304","8411","-0","0","14","11","19","14","14","39","38.5"
"304","8421","-0","0","15","10","19","14","11","39","38.5"
"304","8430","-0","0","15","10","19","14","7","39","38.6"
"304","8439","-0","0","15","10","19","14","5","39","38.6"
"304","8448","0","0","14","11","19","14","3","39","38.7"
"305","8455","0","0","14","11","18","15","1","39","38.8"
"305","8465","0","0","13","12","17","16","1","39","38.8"
"305","8476","0","0","12","12","17","17","0","39","38.9"
"305","8487","-0","0","12","13","16","17","1","39","38.9"
"305","8499","-0","0","12","13","16","17","1","39","39.0"
"306","8510","-0","0","12","12","17","17","2","39","39.0"
"306","8522","-0","0","13","12","17","17","3","39","39.1"
"306","8533","-0","0","13","12","17","16","5","39","39.1"
"306","8543","-0","0","13","12","17","16","6","39","39.2"
"307","8553","-0","0","13","12","17","16","7","39","39.2"
"307","8564","-0","0","13","12","17","16","8","38","39.3"
"307","8573","-0","0","13","12","18","16","9","38","39.3"
"307","8582","-0","0","13","12","18","16","9","38","39.4"
"307","8591","-0","0","13","12","18","15","10","38","39.4"
"308","8600","-0","0","14","11","18","15","10","38","39.4"
"308","8607","-0","0","14","11","18","15","10","37","39.5"
"308","8614","-0","0","14","11","18","15","10","37","39.5"
"308","8621","-0","0","14","11","18","15","10","37","39.6"
"309","8628","-0","0","14","11","18","15","10","37","39.6"
"309","8635","-0","0","14","11","18","15","10","37","39.6"
"309","8640","-0","0","14","11","18","15","10","37","39.7"
"309","8646","-0","0","14","11","18","15","10","36","39.7"
"309","8652","-0","0","14","11","18","15","10","36","39.7"
"310","8657","-0","0","14","11","18","15","10","36","39.8"
"310","8661","-0","0","14","11","18","15","10","36","39.8"
"310","8666","-0","0","14","11","18","15","10","35","39.8"
"310","8670","-0","0","14","11","18","15","10","35","39.8"
"311","8675","-0","0","14","11","18","15","10","36","39.9"
"311","8680","-0","0","14","11","18","15","11","35","39.9"
"311","8684","-0","0","14","11","18","15","13","35","39.9"
"311","8688","-0","0","14","11","18","15","14","35","39.9"
"311","8691","-0","0","14","11","18","15","18","35","39.9"
"312","8693","-0","0","14","11","18","15","22","34","39.9"
"312","8692","-1","-0","14","11","18","15","27","33","39.9"
"312","8689","-1","-0","15","11","19","14","32","31","39.9"
"312","8682","-1","-0","15","10","19","14","34","31","39.9"
"313","8675","-1","-0","16","10","20","13","35","30","39.9"
"313","8667","-1","-0","16","10","20","12","35","30","39.8"
"313","8658","-1","-0","17","9","21","12","32","30","39.8"
"313","8649","-1","-0","17","9","21","11","29","29","39.8"
"313","8642","-1","-0","17","9","21","11","27","29","39.8"
"314","8635","-1","-0","17","9","21","11","25","29","39.8"
"314","8630","-1","-0","17","9","20","12","23","29","39.7"
"314","8625","-1","-0","17","10","20","12","22","29","39.7"
"314","8621","-1","-0","16","10","20","13","22","29","39.7"
"315","8618","-1","-0","16","10","19","13","21","30","39.7"
"315","8615","-1","-0","16","10","19","13","21","29","39.7"
"315","8611","-1","-0","16","10","20","13","21","29","39.7"
"315","8607","-1","-0","16","10","20","13","19","29","39.7"
"315","8604","-1","-0","16","10","20","13","17","29","39.6"
"316","8599","-1","-0","17","10","20","13","15","29","39.6"
"316","8595","-0","-0","16","10","20","13","13","29","39.6"
"316","8591","-0","-0","16","10","20","13","12","29","39.6"
"316","8587","-0","-0","16","11","19","13","10","29","39.6"
"316","8584","-0","-0","15","11","19","14","9","29","39.6"
"317","8581","-0","-0","15","12","18","15","9","29","39.6"
"317","8578","-0","-0","15","12","18","15","9","29","39.5"
"317","8575","-0","-0","14","12","18","15","9","29","39.5"
"317","8571","-0","-0","14","12","18","15","9","28","39.5"
"318","8568","-0","-0","15","12","18","15","9","28","39.5"
"318","8564","-0","-0","15","12","18","15","9","28","39.5"
"318","8560","-0","-0","15","12","18","15","9","28","39.5"
"318","8556","-0","-0","15","12","18","15","10","28","39.4"
"318","8552","-0","-0","15","12","18","15","12","28","39.4"
"319","8548","-0","-0","15","12","18","15","14","28","39.4"
"319","8543","-0","-0","15","12","18","15","16","28","39.4"
"319","8537","-0","-0","15","12","18","15","20","27","39.3"
"319","8529","-1","-0","15","12","18","15","25","25","39.3"
"320","8516","-1","-0","15","11","18","14","30","23","39.3"
"320","8499","-1","-0","15","11","19","14","35","21","39.2"
"320","8477","-1","-0","16","11","19","13","39","17","39.1"
"320","8445","-1","-0","17","10","20","12","43","13","39.0"
"320","8408","-1","-0","17","10","21","12","47","10","38.9"
"321","8367","-1","-0","18","9","21","11","48","8","38.7"
"321","8325","-1","-0","18","9","21","10","48","7","38.6"
"321","8282","-1","-0","19","9","21","10","48","6","38.4"
"321","8239","-1","-0","19","9","21","10","47","5","38.3"
"321","8195","-1","-0","19","9","21","9","47","5","38.1"
"322","8157","-1","-0","19","9","21","9","47","4","37.9"
"322","8118","-1","-0","19","9","21","9","47","4","37.8"
"322","8077","-1","-0","20","9","21","9","46","4","37.6"
"322","8040","-1","-0","20","9","21","9","46","4","37.4"
"323","8004","-1","-0","20","9","21","9","46","4","37.2"
"323","7966","-1","-0","20","9","21","9","46","4","37.1"
"323","7929","-1","-0","20","9","21","9","45","4","36.9"
"323","7895","-1","-0","20","9","21","9","42","5","36.7"
"323","7864","-1","-0","20","9","21","9","40","6","36.6"
"324","7835","-1","-0","20","9","21","9","38","7","36.4"
"324","7809","-1","-0","20","9","21","9","35","9","36.3"
"324","7786","-1","-0","19","9","21","9","32","10","36.2"
"324","7767","-1","-0","19","9","21","10","28","11","36.1"
"324","7755","-1","-0","19","10","20","10","23","15","36.0"
"325","7746","-1","-0","18","10","20","11","19","19","35.9"
"325","7745","-0","-0","18","10","20","12","16","21","35.8"
"325","7747","-0","-0","17","11","19","12","14","23","35.8"
"325","7751","-0","-0","17","11","19","13","14","27","35.7"
"325","7759","-0","-0","16","11","18","14","15","29","35.7"
"326","7769","-0","0","15","12","18","15","17","30","35.7"
"326","7777","-1","0","15","12","18","15","23","30","35.7"
"326","7784","-1","-0","15","12","18","15","27","30","35.7"
"326","7788","-1","-0","15","11","18","15","31","30","35.7"
"326","7790","-1","-0","16","10","19","14","34","29","35.7"
"327","7791","-1","-0","16","10","20","13","37","29","35.7"
"327","7786","-1","-0","17","9","21","12","36","28","35.7"
"327","7781","-1","-0","17","9","21","12","36","27","35.7"
"327","7773","-1","-0","17","9","21","12","34","26","35.7"
"327","7764","-1","-0","17","9","21","12","33","25","35.7"
"328","7754","-1","-0","17","9","20","12","32","24","35.7"
"328","7747","-1","-0","17","10","20","12","30","25","35.7"
"328","7741","-1","-0","16","10","20","13","28","25","35.7"
"328","7738","-1","-0","16","10","20","13","28","25","35.6"
"328","7733","-1","-0","16","10","20","13","28","24","35.6"
"329","7727","-1","-0","16","10","20","13","28","22","35.6"
"329","7719","-1","-0","16","10","20","13","27","21","35.6"
"329","7709","-1","-0","16","10","20","13","27","20","35.6"
"329","7692","-1","-0","17","10","20","13","26","16","35.5"
"329","7674","-1","-0","17","10","20","13","25","15","35.5"
"330","7655","-1","-0","17","10","20","12","23","15","35.4"
"330","7639","-0","-0","17","10","20","13","22","15","35.4"
"330","7626","-0","-0","16","10","20","13","21","16","35.3"
"330","7616","-0","-0","16","11","19","13","20","18","35.2"
"330","7611","-0","-0","16","11","19","13","20","19","35.2"
"330","7608","-0","-0","16","11","19","14","20","21","35.1"
"331","7606","-1","-0","16","11","19","14","20","22","35.1"
"331","7603","-1","-0","16","11","19","14","20","23","35.0"
"331","7602","-1","-0","16","11","19","14","20","23","35.0"
"331","7600","-0","-0","16","11","19","13","20","24","35.0"
"331","7598","-0","-0","16","11","19","13","20","24","35.0"
"332","7595","-0","-0","16","11","19","14","17","24","35.0"
"332","7593","-0","-0","16","11","19","14","14","24","35.0"
"332","7592","-0","-0","16","11","19","14","11","25","35.0"
"332","7594","-0","-0","15","11","19","14","8","26","34.9"
"332","7597","-0","0","15","11","19","14","6","27","34.9"
"333","7602","-0","0","15","12","18","15","6","28","35.0"
"333","7609","0","0","14","12","18","16","6","29","35.0"
"333","7616","-0","0","14","13","17","16","8","30","35.0"
"333","7625","-0","0","13","13","17","17","12","30","35.0"
"333","7634","-0","0","13","13","17","16","16","31","35.0"
"334","7642","-0","-0","13","13","17","16","19","31","35.0"
"334","7649","-1","-0","14","12","18","16","21","31","35.0"
"334","7656","-1","-0","15","11","19","15","23","31","35.1"
"334","7660","-1","0","15","11","19","14","24","31","35.1"
"334","7664","-0","0","16","10","20","13","24","31","35.1"
"335","7668","-0","0","16","10","20","13","24","31","35.1"
"335","7671","-0","0","16","10","20","13","24","31","35.1"
"335","7672","-0","0","16","10","20","13","24","31","35.2"
"335","7675","-0","0","15","11","19","14","24","31","35.2"
"335","7679","-0","0","15","11","19","14","23","31","35.2"
"336","7684","-1","0","15","11","19","14","23","31","35.3"
"336","7690","-1","0","15","11","19","14","23","31","35.3"
"336","7694","-1","0","15","10","19","14","23","30","35.3"
"336","7699","-1","0","16","10","20","14","22","30","35.3"
"336","7704","-1","0","16","10","20","14","20","30","35.4"
"337","7709","-0","0","16","10","20","14","18","30","35.4"
"337","7713","-0","0","16","10","20","14","16","30","35.4"
"337","7718","-0","0","15","11","19","14","13","30","35.4"
"337","7722","-0","0","15","11","19","14","9","30","35.5"
"337","7727","-0","0","15","11","19","15","6","30","35.5"
"338","7733","-0","0","14","12","18","15","6","30","35.5"
"338","7739","-0","0","14","12","18","16","7","31","35.6"
"338","7745","-0","0","14","12","17","16","9","31","35.6"
"338","7751","-0","0","13","13","17","16","10","31","35.6"
"338","7758","-0","0","14","12","18","16","11","31","35.6"
"339","7764","-0","0","14","12","18","16","12","31","35.6"
"339","7770","-0","0","14","12","18","15","13","31","35.7"
"339","7774","-0","0","15","12","19","15","13","30","35.7"
"339","7779","-0","0","15","11","19","15","13","30","35.7"
"339","7783","-0","0","15","11","19","15","13","31","35.7"
"340","7787","-0","0","15","11","19","15","13","30","35.7"
"340","7790","-0","0","15","12","19","15","14","30","35.8"
"340","7795","-0","0","14","12","18","15","14","30","35.8"
"340","7799","-0","0","14","12","18","15","14","30","35.8"
"340","7803","-0","0","14","12","18","15","14","30","35.8"
"340","7808","-0","0","14","12","18","15","14","30","35.8"
"341","7812","-0","0","15","12","19","15","14","30","35.9"
"341","7815","-0","0","15","11","19","15","14","30","35.9"
"341","7819","-0","0","15","11","19","15","14","30","35.9"
"341","7823","-0","0","15","11","19","15","14","30","35.9"
"341","7825","-0","0","15","11","19","15","14","30","35.9"
"342","7828","-0","0","15","11","19","15","14","30","36.0"
"342","7831","-0","0","15","12","19","15","14","30","36.0"
"342","7834","-0","0","15","12","19","15","14","30","36.0"
"342","7837","-0","0","15","12","19","15","14","30","36.0"
"342","7839","-0","0","15","12","19","15","16","29","36.0"
"343","7841","-0","0","15","11","19","15","17","29","36.0"
"343","7843","-0","0","15","11","19","15","17","29","36.0"
"343","7843","-0","-0","15","11","19","15","19","28","36.0"
"343","7844","-0","-0","15","11","19","15","21","28","36.0"
"343","7842","-1","-0","15","11","19","15","21","28","36.0"
"344","7840","-0","-0","15","11","19","14","21","27","36.0"
"344","7839","-0","-0","16","11","19","14","21","27","36.0"
"344","7837","-0","-0","16","11","19","14","21","27","36.0"
"344","7836","-0","-0","16","11","20","14","21","27","36.0"
"344","7835","-0","-0","16","11","19","14","21","27","36.0"
"345","7834","-0","-0","16","11","19","14","20","27","36.0"
"345","7832","-0","-0","16","11","19","14","20","27","36.0"
"345","7831","-0","-0","16","11","19","14","20","27","36.0"
"345","7830","-0","-0","16","11","19","14","20","26","36.0"
"345","7828","-0","-0","16","11","19","14","20","26","36.0"
"346","7826","-0","-0","16","11","19","14","21","26","36.0"
"346","7823","-0","-0","16","11","19","14","21","26","36.0"
"346","7820","-0","-0","16","11","19","14","22","25","36.0"
"346","7816","-0","-0","16","11","19","14","23","24","36.0"
"346","7809","-1","-0","16","11","19","14","23","24","36.0"
"347","7803","-1","-0","16","11","19","14","24","23","35.9"
"347","7796","-1","-0","16","11","19","14","24","23","35.9"
"347","7789","-1","-0","16","11","19","14","24","23","35.9"
"347","7782","-1","-0","16","11","20","13","24","23","35.9"
"347","7776","-1","-0","16","11","20","13","24","23","35.8"
"348","7770","-1","-0","16","11","20","13","24","23","35.8"
"348","7763","-1","-0","16","11","20","13","24","23","35.8"
"348","7756","-1","-0","16","11","19","13","24","22","35.8"
"348","7749","-1","-0","16","11","19","13","24","21","35.7"
"348","7737","-1","-0","16","11","19","13","24","19","35.7"
"349","7724","-1","-0","16","11","19","13","25","18","35.7"
"349","7710","-1","-0","16","11","19","13","25","17","35.6"
"349","7695","-1","-0","16","11","19","13","25","16","35.6"
"349","7679","-1","-0","16","11","20","13","24","15","35.5"
"349","7662","-1","-0","16","11","20","13","24","15","35.4"
"350","7646","-1","-0","17","11","20","13","24","15","35.4"
"350","7633","-1","-0","17","11","19","13","24","16","35.3"
"350","7621","-1","-0","17","11","19","13","24","16","35.2"
"350","7611","-1","-0","17","11","19","13","24","17","35.2"
"350","7600","-1","-0","17","11","19","13","24","17","35.1"
"351","7590","-1","-0","16","11","19","13","24","18","35.1"
"351","7581","-1","-0","16","11","19","13","24","18","35.0"
"351","7571","-1","-0","16","11","19","13","25","18","35.0"
"351","7561","-1","-0","16","11","19","13","25","18","34.9"
"351","7551","-1","-0","16","11","19","13","25","18","34.9"
"352","7540","-1","-0","16","11","19","13","25","18","34.8"
"352","7530","-1","-0","16","11","19","13","25","18","34.8"
"352","7522","-1","-0","16","11","19","13","25","19","34.7"
"352","7517","-1","-0","16","11","19","13","26","21","34.7"
"352","7514","-1","-0","16","11","19","13","27","22","34.6"
"353","7513","-1","-0","16","11","19","13","28","24","34.6"
"353","7518","-1","-0","16","11","19","13","28","27","34.6"
"353","7525","-1","-0","16","11","19","13","30","28","34.6"
"353","7533","-1","-0","16","11","19","13","33","30","34.5"
"353","7539","-1","-0","16","10","19","13","33","30","34.5"
"354","7544","-1","-0","17","10","20","12","33","30","34.6"
"354","7547","-1","-0","17","10","20","12","33","30","34.6"
"354","7550","-1","0","17","10","20","12","32","30","34.6"
"354","7552","-1","0","17","9","20","12","30","30","34.6"
"354","7555","-1","0","17","9","20","12","28","30","34.6"
"355","7558","-1","0","16","10","20","12","25","30","34.7"
"355","7562","-1","0","16","10","20","13","22","30","34.7"
"355","7566","-0","0","16","10","20","13","19","30","34.7"
"355","7571","-0","0","16","10","19","14","18","30","34.8"
"355","7578","-0","0","15","11","19","14","16","30","34.8"
"355","7585","-0","0","15","11","19","14","15","30","34.8"
"356","7593","-0","0","15","11","18","15","14","30","34.9"
"356","7601","-0","0","14","11","18","15","14","31","34.9"
"356","7610","-0","0","14","12","18","15","14","31","34.9"
"356","7619","-0","0","14","11","18","15","14","31","35.0"
"356","7628","-0","0","14","11","18","15","14","32","35.0"
"357","7637","-0","0","15","11","19","15","15","32","35.0"
"357","7646","-0","0","15","11","19","15","16","32","35.0"
"357","7655","-0","0","15","11","19","15","18","32","35.1"
"357","7662","-0","0","15","11","19","15","20","32","35.1"
"357","7670","-0","0","14","11","19","15","22","32","35.1"
"358","7677","-0","0","15","11","19","15","23","32","35.2"
"358","7684","-1","0","15","11","19","15","25","32","35.2"
"358","7690","-1","0","15","11","19","14","26","32","35.2"
"358","7697","-1","0","15","10","19","14","27","32","35.2"
"358","7703","-1","0","16","10","20","13","27","32","35.3"
"359","7707","-1","0","16","10","20","13","27","32","35.3"
"359","7712","-1","0","16","10","20","13","27","32","35.3"
"359","7717","-1","0","16","10","20","13","27","32","35.4"
"359","7722","-1","0","16","10","20","13","27","32","35.4"
"359","7728","-1","0","16","10","20","13","27","32","35.4"
"360","7732","-1","0","16","10","20","13","27","32","35.5"
"360","7738","-1","0","16","10","20","13","27","32","35.5"
"360","7745","-1","0","16","10","20","13","27","32","35.5"
"360","7752","-1","0","16","10","20","13","27","32","35.5"
"360","7758","-1","0","16","10","20","13","27","32","35.6"
"361","7764","-1","0","16","10","20","13","27","32","35.6"
"361","7773","-1","0","16","10","20","13","27","33","35.6"
"361","7783","-1","0","16","10","20","13","27","34","35.6"
"361","7797","-1","0","16","10","20","13","27","36","35.7"
"361","7813","-1","0","16","10","20","13","27","38","35.7"
"362","7834","-1","0","16","10","20","13","27","40","35.8"
"362","7864","-1","0","16","10","20","13","27","44","35.8"
"362","7898","-1","0","16","10","20","13","27","47","35.9"
"362","7926","-1","0","16","10","20","13","27","48","36.0"
"362","7955","-1","0","16","10","20","13","27","50","36.1"
"363","7984","-1","0","16","10","20","13","27","50","36.2"
"363","8011","-1","0","16","10","20","13","27","50","36.3"
"363","8037","-1","0","15","9","20","13","27","50","36.4"
"363","8061","-1","0","15","9","20","13","27","50","36.5"
"363","8085","-1","0","15","9","20","14","27","50","36.7"
"364","8111","-1","0","15","9","20","14","27","50","36.8"
"364","8135","-1","0","15","9","20","14","27","50","36.9"
"364","8159","-1","0","15","9","20","14","27","50","37.0"
"364","8187","-1","0","15","9","20","14","27","50","37.1"
"364","8214","-1","0","15","9","20","14","27","51","37.2"
"365","8239","-1","0","15","9","20","14","27","51","37.4"
"365","8267","-1","0","15","9","20","14","27","51","37.5"
"365","8295","-1","0","15","9","20","14","27","52","37.6"
"365","8322","-1","0","15","9","20","14","27","52","37.7"
"365","8349","-1","0","15","9","21","14","27","52","37.8"
"366","8375","-1","0","15","9","21","14","27","52","37.9"
"366","8403","-1","0","15","9","21","14","27","53","38.1"
"366","8432","-1","0","15","9","21","14","27","53","38.2"
"366","8461","-1","0","15","9","21","14","27","55","38.3"
"366","8494","-1","0","15","9","21","14","27","56","38.4"
"367","8532","-1","0","15","9","21","14","27","58","38.6"
"367","8574","-1","0","15","9","21","13","26","62","38.7"
"367","8618","-1","0","15","9","21","13","25","66","38.8"
"367","8692","-1","0","15","9","21","13","23","74","39.0"
"368","8765","-1","0","15","9","21","13","20","80","39.2"
"368","8839","-0","0","15","9","21","14","16","84","39.4"
"368","8927","-0","0","15","9","21","14","12","91","39.7"
"368","9022","-0","1","14","9","20","14","8","100","40.0"
"368","9115","-0","1","14","9","20","15","4","100","40.4"
"369","9202","0","1","13","10","20","16","2","100","40.8"
"369","9279","0","1","12","10","19","17","0","100","41.2"
"369","9359","0","1","11","10","19","18","0","100","41.6"
"369","9441","0","1","10","10","19","19","0","100","42.1"
"370","9518","-0","1","10","10","19","19","0","100","42.5"
"370","9599","-0","1","10","10","19","20","0","100","42.9"
"370","9687","-0","1","10","10","19","19","2","100","43.3"
"370","9771","-0","1","10","10","19","19","3","100","43.6"
"371","9853","-0","1","10","10","19","19","4","100","44.0"
"371","9941","-0","1","10","10","19","19","9","100","44.4"
"371","10026","-0","1","11","10","19","19","14","100","44.8"
"371","10106","-0","1","11","10","19","19","19","100","45.1"
"372","10190","-0","0","11","10","20","18","20","100","45.5"
"372","10276","-1","0","12","9","20","18","19","100","45.8"
"372","10353","-1","0","12","9","21","17","17","100","46.2"
"372","10432","-1","0","13","8","22","16","14","100","46.5"
"373","10513","-0","0","14","8","22","16","9","100","46.8"
"373","10588","-0","1","13","8","22","16","6","100","47.2"
"373","10661","-0","1","13","9","22","16","4","100","47.6"
"373","10636","-0","1","13","9","21","17","2","63","47.9"
"374","10586","0","0","12","10","20","18","0","38","48.1"
"374","10484","-0","0","11","11","20","19","0","40","48.2"
"374","10356","-0","-0","11","11","19","19","1","24","48.3"
"374","10216","-0","-0","12","12","19","19","1","0","48.3"
"375","10017","-0","-0","12","12","19","19","2","0","48.3"
"375","9731","-0","-0","13","13","18","18","3","11","48.3"
"375","9268","-0","-0","14","13","18","18","4","43","48.4"
"376","9057","-0","0","14","13","18","17","3","53","48.6"
"376","8971","-0","1","15","13","18","16","3","52","48.9"
"376","8624","-0","1","15","13","18","16","3","81","49.4"
"376","8393","-0","1","14","12","19","17","2","100","49.9"
"377","8394","-0","1","12","11","19","18","1","100","50.5"
"377","8407","-0","1","11","10","20","19","0","100","51.0"
"377","8424","-0","1","10","9","21","20","0","100","51.6"
"378","8463","-0","1","9","9","21","21","0","100","52.0"
"378","8509","-0","1","9","9","21","21","0","100","52.4"
"378","8570","-0","0","9","9","21","21","0","100","52.8"
"378","8630","-0","0","10","10","21","21","2","100","53.2"
"379","8689","-0","0","11","11","20","20","3","100","53.5"
"379","8753","-0","0","11","11","20","20","5","100","53.8"
"379","8815","-0","0","11","11","20","20","6","100","54.2"
"380","8873","-0","0","12","11","20","19","7","100","54.5"
"380","8930","-0","0","12","11","20","19","8","100","54.9"
"380","8987","-0","0","12","11","21","19","10","100","55.2"
"381","9045","-0","0","13","10","21","18","6","100","55.6"
"381","9101","-0","1","13","10","22","18","3","100","56.0"
"381","9153","-0","1","13","10","22","18","1","100","56.3"
"381","9209","-0","1","13","10","22","18","0","100","56.7"
"382","9266","-0","1","12","11","21","19","0","100","57.0"
"382","9318","-0","1","12","11","21","20","0","100","57.4"
"382","9370","-0","0","12","11","20","20","0","100","57.7"
"383","9424","-0","0","11","12","20","20","0","100","58.1"
"383","9480","-0","0","12","12","20","20","0","100","58.4"
"383","9537","-0","0","12","12","20","20","0","100","58.8"
"384","9592","-0","0","12","12","20","20","0","100","59.1"
"384","9645","-0","0","12","12","20","20","0","100","59.5"
"384","9698","-0","0","12","12","20","20","0","100","59.8"
"385","9752","-0","0","12","12","20","20","0","100","60.1"
"385","9807","-0","0","12","12","20","20","0","100","60.5"
"385","9857","-0","0","12","12","20","20","0","100","60.8"
"386","9909","-0","0","12","12","20","20","0","100","61.1"
"386","9964","-0","0","12","12","20","20","0","100","61.5"
"386","10017","-0","0","12","12","20","21","0","100","61.8"
"387","10069","-0","0","12","12","20","21","0","100","62.2"
"387","10119","-0","0","12","12","20","21","0","100","62.5"
"387","10170","-0","0","12","12","20","21","0","100","62.8"
"388","10223","-0","0","12","12","20","21","0","100","63.1"
"388","10272","-0","0","12","12","20","21","0","100","63.5"
"389","10319","-0","0","12","12","20","21","0","100","63.8"
"389","10369","-0","0","12","12","21","21","0","100","64.1"
"389","10418","-0","0","12","13","21","21","0","100","64.4"
"390","10464","-0","0","12","13","21","21","0","100","64.7"
"390","10512","-0","0","12","13","21","21","0","100","65.0"
"390","10562","-0","0","12","13","21","21","0","100","65.3"
"391","10608","-0","0","13","13","21","21","0","100","65.6"
"391","10654","-0","0","13","13","21","21","0","100","65.9"
"391","10701","-0","0","13","13","21","21","0","100","66.2"
"392","10671","-0","0","13","13","21","21","0","83","66.5"
"392","10604","-0","0","13","13","21","21","0","58","66.6"
"393","10557","-0","0","13","13","21","21","0","59","66.8"
"393","10455","-0","-0","13","13","21","21","0","48","66.8"
"393","10247","-0","-0","14","14","21","21","0","12","66.8"
"394","9966","-0","-0","14","14","20","20","0","0","66.7"
"394","9649","-0","-0","15","15","20","20","0","0","66.7"
"394","9522","-0","-0","15","16","19","20","0","20","66.7"
"395","9316","-0","0","16","16","19","19","0","33","66.8"
"395","8950","-0","1","16","16","19","19","0","32","66.9"
"396","8822","-0","1","16","16","19","19","0","59","67.2"
"396","8813","-0","1","15","15","19","19","0","100","67.6"
"396","8826","-0","1","14","14","20","20","0","100","68.0"
"397","8842","-0","0","13","14","20","21","0","100","68.3"
"397","8867","-0","0","13","13","21","21","0","100","68.6"
"397","8899","-0","0","13","13","21","21","0","100","68.9"
"398","8935","-0","0","12","13","21","22","0","100","69.2"
"398","8975","-0","0","13","13","21","22","0","100","69.5"
"399","9014","-0","0","13","13","21","22","0","100","69.8"
"399","9052","0","0","13","13","21","21","0","100","70.1"
"399","9091","0","0","13","13","21","21","0","100","70.4"
"400","9131","0","0","13","14","21","21","0","100","70.7"
"400","9168","0","0","13","14","21","21","0","100","71.0"
"401","9205","0","0","13","14","21","21","0","100","71.3"
"401","9240","-0","0","13","14","21","21","0","100","71.6"
"401","9276","-0","0","13","14","21","21","0","100","71.9"
"402","9313","0","0","13","14","21","21","0","100","72.2"
"402","9347","0","0","13","14","21","22","0","100","72.4"
"403","9381","0","0","13","14","21","22","0","100","72.7"
"403","9418","0","0","13","14","21","22","0","100","73.0"
"403","9452","0","0","14","14","21","22","0","100","73.3"
"404","9486","0","0","14","14","21","22","0","100","73.6"
"404","9523","0","0","14","14","21","22","0","100","73.8"
"405","9560","0","0","14","14","21","22","0","100","74.1"
"405","9594","0","0","14","14","21","22","0","100","74.4"
"405","9629","0","0","14","14","22","22","0","100","74.7"
"406","9663","0","0","14","14","22","22","0","100","75.0"
"406","9698","0","0","14","14","22","22","0","100","75.2"
"407","9733","0","0","14","14","22","22","0","100","75.5"
"407","9764","0","0","14","14","22","22","0","100","75.8"
"408","9799","0","0","14","14","22","22","0","100","76.0"
"408","9834","0","0","14","14","22","22","0","100","76.3"
"408","9865","0","0","14","14","22","22","0","100","76.6"
"409","9898","0","0","14","14","22","22","0","100","76.8"
"409","9933","0","0","14","14","22","22","0","100","77.1"
"410","9967","0","0","14","14","22","22","-1","100","77.4"
"410","9999","0","0","14","15","22","22","-3","100","77.6"
"411","10033","0","0","14","15","22","22","-3","100","77.9"
"411","10066","0","0","14","15","22","22","-4","100","78.2"
"411","10101","0","0","14","15","22","22","-5","100","78.4"
"412","10132","0","0","14","15","22","23","-6","100","78.7"
"412","10162","0","0","14","15","21","23","-6","100","78.9"
"413","10195","0","0","13","16","21","23","-3","100","79.2"
"413","10227","0","0","13","16","20","24","-0","100","79.4"
"414","10256","0","0","13","16","21","24","-0","100","79.7"
"414","10287","0","0","14","16","21","24","-0","100","79.9"
"415","10318","0","0","14","16","21","23","-0","100","80.2"
"415","10347","0","0","14","15","22","23","-0","100","80.5"
"415","10377","0","0","15","15","22","23","-0","100","80.7"
"416","10408","0","0","15","15","22","23","-0","100","80.9"
"416","10437","0","0","15","15","22","23","-0","100","81.2"
"417","10466","0","0","14","16","22","23","-0","100","81.4"
"417","10497","0","0","14","16","22","23","-0","100","81.7"
"418","10526","0","0","15","16","22","23","-0","100","81.9"
"418","10554","0","0","15","16","22","23","-0","100","82.1"
"419","10583","0","0","15","16","22","23","-0","100","82.4"
"419","10613","0","0","15","16","22","23","-0","100","82.6"
"420","10641","0","0","15","16","22","23","-0","100","82.8"
"420","10669","0","0","15","16","22","23","0","100","83.1"
"420","10697","0","0","15","16","22","23","1","100","83.3"
"421","10725","0","0","15","16","22","23","3","100","83.5"
"421","10754","-0","0","15","16","23","23","6","100","83.8"
"422","10674","-0","0","15","16","23","23","5","67","83.9"
"422","10587","-0","0","16","16","23","23","4","45","83.9"
"423","10489","-0","0","16","15","23","22","5","46","84.0"
"423","10343","-0","-0","17","15","24","22","4","28","83.9"
"424","10173","-0","-0","18","15","24","21","3","0","83.9"
"424","9976","-0","-0","19","16","24","20","1","0","83.8"
"425","9790","-0","-0","19","16","23","20","0","9","83.7"
"425","9627","-0","-0","19","17","22","20","0","38","83.6"
"426","9515","-0","-0","19","18","22","20","0","46","83.6"
"426","9429","-0","0","19","18","21","21","0","45","83.7"
"426","9355","-0","0","18","18","21","21","0","78","83.8"
"427","9314","-0","0","18","17","21","21","0","100","84.0"
"427","9340","-0","0","18","17","22","21","0","100","84.2"
"428","9363","-0","0","17","16","23","21","0","100","84.4"
"428","9385","-0","0","17","16","23","22","0","100","84.7"
"429","9407","-0","0","16","15","23","22","0","100","84.9"
"429","9430","-0","0","16","15","23","22","0","100","85.1"
"430","9454","-0","0","16","15","23","23","0","100","85.3"
"430","9480","-0","0","16","16","23","23","0","100","85.6"
"431","9506","-0","0","16","16","23","23","0","100","85.8"
"431","9529","-0","0","16","16","23","23","0","100","86.0"
"432","9553","-0","0","16","16","23","23","0","100","86.2"
"432","9578","-0","0","16","16","23","23","0","99","86.5"
"433","9600","-0","0","16","16","23","23","0","99","86.7"
"433","9620","-0","0","16","16","23","23","0","99","86.9"
"434","9642","-0","0","16","16","23","23","0","97","87.1"
"434","9662","-0","0","16","16","23","23","0","96","87.3"
"435","9679","-0","0","16","16","23","23","0","95","87.5"
"435","9698","-0","0","16","16","23","23","0","95","87.7"
"436","9718","-0","0","16","16","23","23","0","95","87.9"
"436","9737","-0","0","16","16","23","23","0","95","88.1"
"437","9757","-0","0","16","16","23","23","0","95","88.3"
"437","9777","-0","0","16","17","23","23","0","95","88.5"
"438","9796","-0","0","16","17","23","23","0","94","88.6"
"438","9814","-0","0","16","17","23","23","0","94","88.8"
"439","9831","-0","0","16","17","23","23","0","92","89.0"
"439","9845","-0","0","17","17","23","23","0","89","89.2"
"440","9853","-0","0","17","17","23","23","0","85","89.3"
"440","9848","-0","0","17","17","23","23","0","77","89.5"
"441","9837","-0","0","17","17","23","23","0","66","89.6"
"441","9798","-0","0","17","17","23","23","0","51","89.6"
"442","9752","-0","-0","17","17","23","23","0","37","89.6"
"442","9692","-0","-0","17","17","23","23","0","26","89.4"
"442","9621","-0","-0","18","18","23","23","0","16","89.1"
"443","9544","-0","-1","18","18","22","23","0","6","88.8"
"443","9461","-0","-1","19","19","22","22","0","2","88.3"
"444","9377","-0","-1","20","20","21","21","0","0","87.7"
"444","9291","-0","-1","20","20","20","21","0","0","87.1"
"445","9208","-0","-1","21","21","20","20","0","0","86.4"
"445","9128","-0","-1","22","22","19","19","0","0","85.7"
"446","9042","-0","-1","22","22","18","18","0","0","84.9"
"446","8957","-0","-1","22","22","17","18","0","0","84.2"
"447","8878","-0","-1","22","23","17","17","0","0","83.4"
"447","8799","-0","-1","22","23","17","17","0","0","82.6"
"448","8720","-0","-1","22","23","16","16","0","0","81.9"
"448","8640","-0","-1","22","23","16","16","0","0","81.1"
"449","8562","-0","-1","22","22","16","16","0","0","80.3"
"449","8489","-0","-1","22","22","16","16","0","0","79.6"
"449","8412","-0","-1","22","22","16","16","0","0","78.9"
"450","8332","-0","-1","22","22","16","16","0","0","78.1"
"450","8257","-0","-1","22","22","15","16","0","0","77.4"
"451","8181","-0","-1","21","22","15","16","0","0","76.7"
"451","8105","-0","-1","21","22","15","15","0","0","75.9"
"452","8027","-0","-1","21","21","15","15","0","0","75.2"
"452","7948","-0","-1","21","21","15","15","0","0","74.4"
"452","7878","-0","-1","21","21","15","15","0","0","73.8"
"453","7808","-0","-1","21","21","15","15","0","0","73.1"
"453","7738","-0","-1","21","21","15","15","0","0","72.4"
"454","7670","-0","-1","21","21","15","15","0","0","71.7"
"454","7605","-0","-1","20","21","15","15","0","0","71.1"
"454","7542","-0","-1","20","20","15","15","3","0","70.4"
"455","7480","-0","-1","20","20","15","15","5","0","69.8"
"455","7419","-0","-1","20","20","15","15","7","0","69.2"
"456","7356","-0","-1","20","20","15","15","9","0","68.6"
"456","7292","-0","-1","20","19","16","14","11","0","68.0"
"456","7233","-1","-1","20","19","16","14","10","0","67.4"
"457","7172","-1","-1","21","18","17","13","9","0","66.8"
"457","7111","-0","-1","22","17","17","13","6","0","66.3"
"457","7053","-0","-1","22","17","18","12","4","0","65.7"
"458","6998","-0","-1","22","17","18","12","3","0","65.2"
"458","6940","-0","-1","21","17","17","12","1","0","64.7"
"458","6886","-0","-1","20","18","16","13","0","0","64.1"
"459","6840","-0","-1","19","18","15","14","0","0","63.7"
"459","6795","-0","-1","19","18","15","15","0","0","63.2"
"460","6751","-0","-1","18","18","15","15","0","0","62.7"
"460","6722","-0","-1","19","18","15","15","0","0","62.4"
"460","6695","-0","-0","19","17","16","15","0","0","62.1"
"461","6672","-0","-0","19","17","16","15","0","0","61.8"
"461","6654","-0","-0","19","17","17","15","0","0","61.6"
"461","6638","-0","-0","18","16","17","15","0","0","61.4"
"462","6625","-0","-0","17","16","17","16","0","0","61.3"
"462","6611","-0","-0","17","16","17","16","0","0","61.1"
"462","6595","0","-0","16","16","17","17","0","0","61.0"
"463","6580","0","-0","16","16","17","17","0","0","60.8"
"463","6566","-0","-0","16","16","17","18","0","0","60.7"
"463","6550","-0","-0","16","16","18","18","0","0","60.6"
"464","6536","-0","-0","16","16","18","18","0","0","60.5"
"464","6523","-0","-0","16","16","18","18","0","1","60.3"
"464","6510","-0","-0","16","16","18","18","0","1","60.2"
"465","6497","-0","-0","16","16","18","18","0","1","60.1"
"465","6485","-0","-0","16","16","18","18","0","2","59.9"
"465","6473","0","-0","16","16","18","18","0","2","59.8"
"466","6461","0","-0","16","16","18","18","0","2","59.7"
"466","6448","0","-0","16","16","18","18","0","2","59.6"
"466","6435","0","-0","16","16","18","18","0","2","59.5"
"467","6424","-0","-0","16","16","18","18","0","2","59.3"
"467","6412","-0","-0","15","16","18","18","0","3","59.2"
"467","6399","-0","-0","15","16","18","18","0","3","59.1"
"468","6387","-0","-0","15","16","18","18","0","3","59.0"
"468","6375","-0","-0","15","16","18","18","0","3","58.9"
"468","6364","-0","-0","15","16","18","18","0","3","58.8"
"469","6352","-0","-0","15","16","18","18","0","3","58.7"
"469","6341","-0","-0","15","16","18","18","1","3","58.5"
"469","6329","-0","-0","15","16","18","18","3","3","58.4"
"470","6317","-0","-0","15","16","18","18","6","3","58.3"
"470","6306","-0","-0","15","15","18","18","6","3","58.2"
"470","6295","-0","-0","16","15","18","17","7","3","58.1"
"471","6284","-0","-0","16","15","18","17","8","3","58.0"
"471","6273","-0","-0","16","15","19","17","9","3","57.9"
"471","6262","-0","-0","17","14","19","16","9","4","57.8"
"471","6251","-0","-0","17","14","19","16","9","4","57.7"
"472","6239","-0","-0","17","14","20","16","9","4","57.6"
"472","6228","-0","-0","17","14","20","16","9","4","57.5"
"472","6216","-0","-0","17","14","19","16","11","4","57.3"
"473","6205","-0","-0","17","14","19","16","13","4","57.2"
"473","6194","-0","-0","17","14","19","16","15","4","57.1"
"473","6182","-1","-0","17","14","19","16","16","4","57.0"
"474","6172","-1","-0","17","13","20","15","18","4","56.9"
"474","6160","-1","-0","18","13","20","15","20","4","56.8"
"474","6147","-1","-0","18","12","21","14","21","4","56.7"
"475","6134","-1","-0","19","12","21","13","21","4","56.5"
"475","6122","-1","-0","19","11","22","13","21","4","56.4"
"475","6108","-1","-0","20","11","22","12","21","4","56.3"
"476","6095","-1","-0","20","11","22","12","21","4","56.2"
"476","6082","-1","-0","19","11","22","12","21","4","56.1"
"476","6070","-1","-0","19","11","22","12","21","4","56.0"
"477","6058","-1","-0","19","11","22","12","21","4","55.8"
"477","6044","-1","-0","20","11","22","12","21","4","55.7"
"477","6030","-1","-0","20","11","22","12","21","4","55.6"
"477","6015","-1","-0","20","11","22","12","21","4","55.5"
"478","5992","-1","-0","20","10","22","12","20","4","55.4"
"478","5968","-1","-0","20","10","22","12","19","4","55.3"
"478","5940","-1","-0","20","10","22","12","17","4","55.2"
"479","5905","-1","-0","20","10","22","11","15","4","55.1"
"479","5867","-1","-0","20","10","22","11","13","4","55.0"
"479","5826","-1","-0","20","10","22","12","10","4","54.9"
"480","5787","-1","-0","19","10","22","12","7","4","54.8"
"480","5751","-1","-0","19","11","21","13","6","4","54.8"
"480","5722","-1","-0","18","11","21","13","5","4","54.7"
"480","5696","-1","-0","17","12","20","14","6","4","54.6"
"481","5683","-1","-0","17","12","20","15","6","4","54.6"
"481","5768","-1","-0","17","12","20","15","7","4","54.5"
"481","6046","-1","-0","17","12","20","15","8","5","54.3"
"482","6207","-0","-0","17","12","20","15","9","5","54.0"
"482","6308","-0","-1","17","12","20","15","12","5","53.7"
"482","6441","-1","-1","18","13","20","14","12","5","53.4"
"483","6544","-1","-0","18","13","19","14","13","5","53.2"
"483","6591","-1","-0","19","14","19","13","14","5","53.0"
"483","6606","-1","-0","19","14","19","13","15","6","52.8"
"483","6606","-1","-0","19","13","19","13","18","6","52.6"
"484","6596","-1","-0","19","13","19","13","19","6","52.5"
"484","6585","-1","-0","18","12","19","13","20","6","52.4"
"484","6573","-1","-0","18","12","20","13","22","7","52.3"
"485","6559","-1","-0","18","12","20","13","23","7","52.2"
"485","6544","-1","-0","18","11","20","13","24","7","52.0"
"485","6531","-1","-0","18","11","21","13","24","7","51.9"
"485","6517","-1","-0","19","11","21","12","24","7","51.8"
"486","6502","-1","-0","19","10","21","12","24","7","51.7"
"486","6489","-1","-0","19","10","21","12","24","7","51.6"
"486","6476","-1","-0","19","10","21","12","24","7","51.5"
"487","6463","-1","-0","19","10","21","11","24","7","51.4"
"487","6450","-1","-0","19","10","21","11","24","7","51.3"
"487","6437","-1","-0","19","10","21","11","24","8","51.2"
"487","6425","-1","-0","19","10","21","11","24","8","51.1"
"488","6413","-1","-0","19","10","21","11","24","8","51.0"
"488","6401","-1","-0","19","10","21","11","24","8","50.9"
"488","6389","-1","-0","19","10","22","11","24","9","50.8"
"489","6379","-1","-0","19","10","22","11","24","9","50.7"
"489","6367","-1","-0","19","10","22","11","24","9","50.6"
"489","6356","-1","-0","19","10","22","11","24","10","50.5"
"489","6346","-1","-0","19","9","22","11","24","9","50.4"
"490","6335","-1","-0","19","9","22","11","25","9","50.3"
"490","6323","-1","-0","19","9","22","11","25","10","50.2"
"490","6312","-1","-0","19","9","22","11","26","9","50.1"
"491","6301","-1","-0","19","9","22","11","26","9","50.0"
"491","6290","-1","-0","19","9","22","11","27","9","49.9"
"491","6278","-1","-0","19","9","22","11","27","9","49.8"
"491","6266","-1","-0","19","9","22","11","27","9","49.8"
"492","6255","-1","-0","19","9","22","10","27","10","49.7"
"492","6245","-1","-0","19","9","22","10","27","10","49.6"
"492","6234","-1","-0","19","9","22","10","27","10","49.5"
"493","6224","-1","-0","19","9","22","10","27","10","49.4"
"493","6215","-1","-0","19","9","22","10","26","11","49.3"
"493","6206","-1","-0","19","9","22","10","25","12","49.2"
"493","6198","-1","-0","19","9","22","10","23","12","49.2"
"494","6191","-1","-0","19","9","22","10","23","13","49.1"
"494","6184","-1","-0","19","9","22","11","23","14","49.0"
"494","6178","-1","-0","19","9","21","11","22","14","49.0"
"494","6173","-1","-0","19","9","21","11","22","15","48.9"
"495","6169","-1","-0","19","9","21","11","22","16","48.9"
"495","6166","-1","-0","18","9","21","11","22","17","48.8"
"495","6163","-1","-0","18","9","21","11","22","18","48.8"
"495","6160","-1","-0","18","9","21","11","22","18","48.7"
"496","6159","-1","-0","18","9","21","11","22","20","48.7"
"496","6159","-1","-0","18","9","21","11","22","22","48.7"
"496","6164","-1","-0","18","9","21","11","22","25","48.6"
"497","6170","-1","-0","18","9","21","11","22","27","48.6"
"497","6176","-1","-0","18","9","21","11","22","29","48.6"
"497","6184","-1","0","18","9","21","11","22","31","48.6"
"497","6193","-1","0","18","9","21","12","22","34","48.6"
"498","6201","-1","0","18","9","21","12","22","34","48.7"
"498","6208","-1","0","17","9","21","12","22","35","48.7"
"498","6215","-1","0","17","9","21","12","22","35","48.8"
"498","6221","-1","0","17","9","21","12","22","35","48.8"
"499","6226","-1","0","17","9","21","12","22","35","48.9"
"499","6230","-1","0","17","9","21","12","22","35","48.9"
"499","6235","-1","0","17","9","21","12","22","34","49.0"
"500","6239","-1","0","17","9","21","12","22","34","49.0"
"500","6244","-1","0","17","9","21","12","22","34","49.0"
"500","6248","-1","0","17","9","21","12","22","33","49.1"
"500","6252","-1","0","17","9","21","12","22","33","49.1"
"501","6256","-1","0","17","9","21","12","22","33","49.2"
"501","6261","-1","0","17","9","21","12","22","33","49.2"
"501","6265","-1","0","17","9","21","12","22","32","49.2"
"501","6269","-1","0","17","9","21","12","22","31","49.3"
"502","6265","-1","0","17","9","21","12","23","27","49.3"
"502","6259","-1","0","17","9","21","12","25","23","49.3"
"502","6251","-1","0","17","9","21","12","27","20","49.3"
"503","6235","-1","-0","17","9","21","12","31","14","49.3"
"503","6215","-1","-0","17","9","21","12","34","4","49.3"
"503","6184","-1","-0","17","9","21","12","39","2","49.2"
"503","6157","-1","-0","18","9","22","11","42","0","49.0"
"504","6138","-1","-0","19","9","22","11","45","0","48.9"
"504","6117","-1","-0","19","9","22","10","46","0","48.7"
"504","6096","-1","-0","20","8","22","9","47","0","48.5"
"504","6076","-1","-0","20","8","22","9","47","0","48.4"
"505","6056","-1","-0","21","8","22","8","48","0","48.2"
"505","6034","-1","-0","21","8","22","8","48","0","48.0"
"505","5997","-1","-0","21","8","22","8","48","0","47.8"
"506","5951","-1","-0","21","8","22","8","48","0","47.7"
"506","5907","-1","-0","21","8","22","8","48","0","47.5"
"506","5859","-1","-0","21","8","22","8","48","0","47.4"
"506","5801","-1","-0","21","8","22","8","48","0","47.3"
"507","5747","-1","-0","21","8","22","8","48","0","47.1"
"507","5695","-1","-0","21","7","22","8","48","0","47.0"
"507","5642","-1","-0","21","7","22","8","48","0","46.8"
"507","5592","-1","-0","21","7","22","7","48","0","46.7"
"508","5552","-1","-0","21","7","22","7","48","2","46.5"
"508","5601","-1","-0","21","7","22","7","48","3","46.4"
"508","5696","-1","-0","21","7","22","7","48","4","46.2"
"508","5878","-1","-0","21","7","22","7","48","5","45.9"
"509","6046","-1","-1","21","7","23","7","48","5","45.6"
"509","6185","-1","-1","21","7","23","7","48","6","45.3"
"509","6390","-1","-1","22","8","23","7","49","5","44.9"
"509","6627","-1","-1","22","8","22","7","51","4","44.4"
"510","6653","-2","-1","23","9","21","6","54","4","44.1"
"510","6671","-2","-0","23","9","21","6","56","2","43.7"
"510","6675","-2","-0","23","9","21","5","59","1","43.3"
"510","6668","-2","-0","23","9","21","5","62","1","43.0"
"511","6656","-2","-0","23","8","21","5","65","0","42.7"
"511","6636","-2","-0","23","8","21","5","64","1","42.5"
"511","6615","-2","-0","23","8","22","5","62","1","42.2"
"511","6589","-2","-0","22","8","21","5","60","2","41.9"
"512","6565","-2","-0","22","7","21","6","56","3","41.7"
"512","6542","-2","-0","22","7","22","6","51","4","41.5"
"512","6521","-2","-0","22","7","22","6","45","7","41.3"
"512","6503","-1","-0","22","7","22","6","40","10","41.2"
"512","6493","-1","-0","21","7","22","6","35","13","41.0"
"513","6486","-1","-0","21","7","22","6","29","17","40.9"
"513","6482","-1","-0","21","7","22","7","24","20","40.9"
"513","6488","-1","-0","20","7","22","7","18","23","40.8"
"513","6493","-1","0","20","7","22","8","14","24","40.8"
"514","6496","-1","0","19","8","21","9","10","25","40.9"
"514","6498","-1","0","18","8","21","10","8","26","40.9"
"514","6500","-1","0","17","9","20","11","6","26","40.9"
"514","6503","-1","0","16","9","20","12","5","26","41.0"
"514","6506","-0","0","15","10","19","13","3","26","41.0"
"515","6511","-0","0","15","10","19","14","2","27","41.1"
"515","6515","-0","0","14","10","19","14","1","27","41.1"
"515","6520","-0","0","14","11","19","15","1","27","41.1"
"515","6525","-0","0","14","11","18","15","1","27","41.2"
"516","6532","-0","0","13","11","18","15","0","27","41.2"
"516","6539","-0","0","13","12","17","16","0","28","41.3"
"516","6549","-0","0","13","12","17","16","2","29","41.3"
"516","6559","-0","0","13","12","17","16","6","30","41.3"
"517","6569","-0","0","13","12","17","16","9","30","41.4"
"517","6580","-0","0","13","12","16","16","12","31","41.4"
"517","6593","-0","0","13","12","17","16","18","32","41.5"
"517","6604","-0","0","13","12","17","16","23","32","41.5"
"517","6615","-1","0","14","11","18","15","28","32","41.5"
"518","6625","-1","0","14","10","19","14","34","32","41.5"
"518","6633","-1","-0","15","10","20","13","38","32","41.6"
"518","6640","-1","-0","16","9","20","13","40","32","41.6"
"518","6645","-1","-0","16","9","21","12","42","32","41.6"
"519","6649","-1","-0","16","9","21","12","45","32","41.6"
"519","6651","-1","0","17","9","21","11","43","32","41.6"
"519","6653","-1","0","17","8","21","11","42","32","41.6"
"519","6654","-1","0","17","8","21","11","42","32","41.7"
"520","6657","-1","0","17","8","21","11","42","32","41.7"
"520","6659","-1","0","17","8","21","11","42","32","41.7"
"520","6663","-1","-0","17","8","21","11","40","32","41.7"
"520","6669","-1","-0","17","8","21","11","38","33","41.8"
"520","6677","-1","-0","17","8","21","10","37","34","41.8"
"521","6687","-1","0","18","8","22","10","34","36","41.8"
"521","6698","-1","0","18","8","22","10","31","37","41.9"
"521","6714","-1","0","18","8","22","10","28","39","41.9"
"521","6731","-1","0","17","8","21","11","25","41","42.0"
"522","6750","-1","0","17","8","21","11","25","43","42.1"
"522","6767","-1","0","17","8","21","11","25","43","42.2"
"522","6784","-1","0","16","8","21","12","25","43","42.3"
"522","6801","-1","0","16","8","21","12","25","43","42.4"
"523","6819","-1","0","16","8","21","12","25","43","42.5"
"523","6836","-1","0","16","8","21","12","25","44","42.6"
"523","6852","-1","0","16","8","21","12","25","44","42.7"
"523","6868","-1","0","16","8","21","12","25","44","42.8"
"524","6887","-1","0","16","8","21","12","25","45","42.9"
"524","6907","-1","0","16","8","21","12","25","46","43.0"
"524","6926","-1","0","16","8","21","12","25","46","43.1"
"524","6945","-1","0","16","8","21","12","25","47","43.3"
"524","6964","-1","0","16","8","21","13","25","47","43.4"
"525","6984","-1","0","16","8","21","13","24","47","43.5"
"525","7004","-1","0","16","8","21","13","22","48","43.6"
"525","7024","-1","0","16","8","21","13","18","48","43.7"
"525","7043","-1","0","16","8","21","13","14","49","43.9"
"526","7062","-0","0","15","9","21","13","10","49","44.0"
"526","7081","-0","0","15","9","21","13","7","51","44.2"
"526","7102","-0","0","15","9","20","14","4","52","44.3"
"526","7126","-0","0","14","10","20","15","2","53","44.5"
"527","7151","-0","0","13","11","19","16","1","54","44.6"
"527","7176","-0","0","13","11","18","16","0","55","44.8"
"527","7202","-0","0","12","11","18","17","0","55","45.0"
"527","7230","-0","0","12","12","18","17","0","56","45.1"
"528","7258","-0","0","12","12","18","17","0","56","45.3"
"528","7286","-0","0","12","11","18","17","0","56","45.5"
"528","7313","-0","0","12","11","18","17","0","57","45.6"
"528","7345","-0","0","12","11","18","17","0","58","45.8"
"529","7376","-0","0","12","11","18","17","0","59","46.0"
"529","7406","0","0","12","12","18","17","2","60","46.2"
"529","7439","0","0","12","12","18","17","4","61","46.4"
"529","7473","-0","0","12","12","18","17","6","61","46.6"
"530","7505","-0","0","12","12","18","18","10","62","46.7"
"530","7538","-0","0","12","12","18","17","15","62","46.9"
"530","7569","-0","0","12","11","18","17","20","61","47.1"
"531","7601","-1","0","13","11","19","17","25","61","47.3"
"531","7632","-1","0","13","10","20","16","30","60","47.4"
"531","7662","-1","0","14","9","21","15","31","60","47.6"
"531","7693","-1","0","15","9","21","14","33","60","47.7"
"532","7725","-1","0","16","8","22","14","33","60","47.8"
"532","7754","-1","0","16","8","22","13","30","60","47.9"
"532","7781","-1","0","16","8","22","13","25","60","48.1"
"532","7807","-1","0","16","8","22","13","19","60","48.2"
"533","7830","-1","0","16","8","22","13","14","61","48.4"
"533","7850","-0","0","16","9","22","13","10","61","48.6"
"533","7868","-0","0","15","9","21","14","7","61","48.8"
"533","7885","-0","0","14","9","21","15","3","61","49.0"
"534","7907","-0","0","14","10","20","16","2","62","49.2"
"534","7931","-0","0","13","10","20","16","0","62","49.4"
"534","7959","-0","0","12","11","19","17","0","64","49.6"
"535","7989","-0","0","12","11","19","17","0","65","49.8"
"535","8018","-0","0","12","11","19","18","0","66","50.0"
"535","8054","-0","0","12","11","19","18","0","67","50.2"
"535","8089","-0","0","13","11","19","18","0","68","50.4"
"536","8123","-0","0","13","11","19","18","0","69","50.6"
"536","8159","-0","0","13","12","19","18","0","70","50.8"
"536","8196","-0","0","12","12","19","18","0","70","51.0"
"537","8231","0","0","12","12","18","18","0","70","51.2"
"537","8265","0","0","12","12","18","18","0","71","51.4"
"537","8299","0","0","12","12","18","18","0","71","51.6"
"537","8334","0","0","12","12","18","18","0","72","51.9"
"538","8371","0","0","12","12","18","18","0","72","52.1"
"538","8404","-0","0","12","12","18","18","0","72","52.3"
"538","8439","0","0","12","12","19","18","0","73","52.5"
"539","8476","0","0","12","12","19","18","0","73","52.7"
"539","8513","0","0","12","12","19","18","0","73","53.0"
"539","8549","0","0","12","12","19","18","0","74","53.2"
"539","8584","0","0","12","12","19","18","0","74","53.4"
"540","8620","0","0","12","12","19","18","0","74","53.6"
"540","8658","0","0","12","12","19","18","0","75","53.8"
"540","8698","0","0","12","12","19","19","0","78","54.1"
"541","8739","0","0","12","12","19","19","0","82","54.3"
"541","8795","0","0","12","12","19","19","0","85","54.5"
"541","8850","0","0","12","12","19","19","0","88","54.8"
"542","8906","0","0","12","12","19","19","0","94","55.1"
"542","8972","0","0","12","12","19","19","0","97","55.4"
"542","9044","0","0","12","12","19","19","0","100","55.7"
"543","9101","0","1","12","12","19","19","0","100","56.0"
"543","9159","0","1","12","12","19","19","0","100","56.4"
"543","9217","0","1","12","11","19","19","0","100","56.7"
"543","9273","0","1","11","11","20","19","0","100","57.1"
"544","9328","0","1","11","11","20","19","0","100","57.4"
"544","9384","0","1","11","11","20","20","1","100","57.8"
"544","9440","0","0","11","11","20","20","2","100","58.2"
"545","9497","-0","0","11","11","20","20","4","100","58.5"
"545","9552","-0","0","11","11","20","20","7","100","58.9"
"545","9605","-0","0","11","11","20","20","11","100","59.2"
"546","9660","-0","0","12","11","20","19","16","100","59.5"
"546","9716","-0","0","12","11","21","19","20","100","59.8"
"546","9774","-1","0","13","10","21","18","19","100","60.2"
"547","9833","-1","0","13","10","22","18","17","100","60.5"
"547","9891","-1","0","14","9","23","17","14","100","60.8"
"547","9944","-1","0","15","9","23","16","10","100","61.1"
"548","9996","-0","0","15","9","24","16","6","100","61.4"
"548","10048","-0","0","15","9","23","16","4","100","61.8"
"548","10095","-0","1","14","9","23","17","2","100","62.1"
"549","10140","-0","1","14","10","22","18","0","100","62.4"
"549","10188","-0","1","13","11","21","19","0","100","62.8"
"550","10235","-0","0","13","11","21","19","0","100","63.1"
"550","10280","-0","0","12","11","21","20","0","100","63.5"
"550","10329","-0","0","12","11","21","20","0","100","63.8"
"551","10379","-0","0","13","11","21","20","0","100","64.1"
"551","10428","-0","0","13","11","21","20","0","100","64.5"
"551","10476","-0","0","13","11","21","20","0","100","64.8"
"552","10524","-0","0","13","11","21","20","0","100","65.1"
"552","10573","-0","0","13","12","21","20","1","100","65.4"
"552","10623","-0","0","13","12","21","20","3","100","65.7"
"553","10667","-0","0","13","12","21","20","6","100","66.0"
"553","10684","-0","0","13","12","21","20","9","90","66.3"
"553","10643","-0","0","13","12","21","20","13","62","66.5"
"554","10587","-0","0","13","12","21","20","18","53","66.6"
"554","10522","-1","0","13","12","21","19","23","54","66.7"
"555","10362","-1","-0","15","11","22","18","25","22","66.7"
"555","10192","-1","-0","16","11","23","17","26","0","66.7"
"555","10002","-1","-0","18","11","24","16","27","0","66.5"
"556","9745","-1","-0","19","11","24","14","24","16","66.5"
"556","9454","-1","-0","21","11","24","13","20","40","66.4"
"556","9348","-1","0","21","11","24","12","15","39","66.5"
"557","9187","-1","0","21","11","24","12","10","50","66.6"
"557","8916","-1","1","20","11","23","13","7","87","66.9"
"558","8825","-1","1","19","11","23","14","3","95","67.2"
"558","8825","-1","1","18","10","23","15","0","90","67.6"
"558","8809","-1","1","16","10","23","17","0","80","67.9"
"559","8787","-0","0","15","10","23","18","0","69","68.2"
"559","8753","-0","0","14","10","24","19","0","55","68.5"
"559","8708","-0","0","14","10","24","19","0","37","68.6"
"560","8658","-0","-0","15","10","24","19","0","16","68.7"
"560","8593","-0","-0","15","11","23","19","0","7","68.7"
"561","8540","-0","-0","15","12","23","19","0","0","68.5"
"561","8508","-0","-0","16","13","22","18","0","0","68.4"
"561","8479","-0","-0","17","14","21","18","0","0","68.2"
"562","8450","-0","-0","17","15","20","18","0","0","67.9"
"562","8417","-0","-0","17","16","19","18","0","0","67.7"
"562","8381","-0","-0","17","17","18","18","0","0","67.4"
"563","8337","-0","-0","17","17","18","18","0","0","67.1"
"563","8294","-0","-1","17","17","18","17","0","0","66.7"
"564","8251","-0","-1","18","17","18","17","0","0","66.4"
"564","8198","-0","-1","18","17","17","17","0","0","66.0"
"564","8144","-0","-1","18","17","17","17","0","0","65.5"
"565","8092","-0","-1","18","17","17","16","0","0","65.1"
"565","8039","0","-1","18","17","17","16","0","0","64.7"
"565","7987","0","-1","18","18","16","16","0","0","64.3"
"566","7932","0","-1","18","18","16","16","0","0","63.8"
"566","7878","0","-1","18","18","16","16","0","0","63.4"
"566","7829","0","-1","18","18","16","16","0","0","63.0"
"567","7778","0","-1","18","18","16","15","0","0","62.5"
"567","7726","-0","-1","18","18","16","15","0","0","62.1"
"567","7683","-0","-1","18","18","16","15","0","0","61.7"
"568","7642","-0","-1","18","17","16","15","0","0","61.4"
"568","7605","-0","-0","18","17","16","15","0","0","61.0"
"569","7574","0","-0","17","17","16","15","0","0","60.7"
"569","7546","0","-0","17","17","16","15","0","0","60.5"
"569","7524","0","-0","17","17","16","16","0","0","60.3"
"570","7502","0","-0","17","17","16","16","0","0","60.1"
"570","7483","0","-0","17","16","16","16","0","0","59.9"
"570","7464","0","-0","16","16","17","17","0","0","59.7"
"571","7445","0","-0","16","16","17","17","0","0","59.6"
"571","7425","0","-0","16","16","17","17","0","0","59.4"
"571","7405","0","-0","16","16","17","17","0","0","59.3"
"571","7385","0","-0","16","16","17","17","0","0","59.1"
"572","7365","0","-0","16","16","17","17","0","0","59.0"
"572","7345","0","-0","16","16","17","17","0","0","58.8"
"572","7326","0","-0","16","16","17","17","0","0","58.6"
"573","7308","0","-0","16","16","17","17","0","0","58.5"
"573","7288","0","-0","16","16","17","17","0","0","58.3"
"573","7270","0","-0","16","16","17","17","0","0","58.2"
"574","7253","0","-0","16","15","17","17","0","0","58.0"
"574","7234","0","-0","16","15","17","17","0","0","57.9"
"574","7215","0","-0","16","15","17","17","0","0","57.7"
"575","7197","0","-0","16","15","17","17","0","0","57.6"
"575","7176","0","-0","16","15","17","17","0","0","57.4"
"575","7154","0","-0","16","15","17","17","0","0","57.3"
"576","7107","0","-0","16","15","17","17","0","0","56.9"
"576","7054","0","-1","16","15","17","17","0","0","56.6"
"576","6993","0","-1","16","15","17","17","0","0","56.1"
"577","6926","0","-1","16","16","16","16","0","0","55.7"
"577","6858","0","-1","16","16","16","16","0","0","55.1"
"577","6785","0","-1","17","16","15","15","0","0","54.6"
"578","6713","0","-1","17","17","15","15","0","0","54.0"
"578","6643","0","-1","17","17","14","14","0","0","53.4"
"578","6574","0","-1","18","17","14","13","-2","0","52.8"
"578","6507","0","-1","18","18","13","13","-5","0","52.3"
"579","6443","0","-1","18","18","13","13","-8","0","51.7"
"579","6377","0","-1","17","17","13","13","-9","0","51.2"
"579","6310","0","-1","17","18","13","13","-9","0","50.6"
"580","6242","0","-1","16","18","12","14","-8","0","50.0"
"580","6175","0","-1","16","18","12","14","-8","0","49.5"
"580","6108","0","-1","15","19","11","15","-6","0","48.9"
"580","6041","0","-1","15","19","11","15","-3","0","48.3"
"581","5974","-0","-1","15","18","11","15","-1","0","47.7"
"581","5911","-0","-1","16","18","12","14","-0","0","47.1"
"581","5852","-0","-1","17","17","12","13","-0","0","46.5"
"581","5793","0","-1","17","17","13","12","-0","0","45.7"
"582","5736","0","-1","18","17","13","11","-0","0","45.0"
"582","5685","0","-1","18","17","13","12","-0","0","44.3"
"582","5632","0","-1","18","18","12","12","-0","0","43.6"
"582","5579","0","-1","17","18","12","12","-0","0","42.9"
"583","5571","0","-1","17","18","11","12","-0","0","42.2"
"583","5576","0","-1","17","18","11","12","-0","0","41.4"
"583","5611","0","-1","17","18","10","12","-0","0","40.6"
"583","5632","0","-1","17","18","10","12","-0","0","39.9"
"583","5646","0","-1","17","18","11","11","-0","0","39.2"
"584","5735","-0","-1","17","18","11","11","-0","0","38.4"
"584","5772","0","-1","17","17","11","11","-0","0","37.6"
"584","5706","0","-1","18","17","11","11","-0","0","36.8"
"584","5621","0","-1","18","17","10","10","-0","0","36.0"
"584","5527","0","-1","18","17","10","10","-0","0","35.3"
"585","5426","0","-1","17","17","10","10","-0","0","34.7"
"585","5324","0","-1","17","17","10","10","-0","0","34.1"
"585","5219","0","-1","17","17","10","10","-0","0","33.5"
"585","5125","0","-1","16","16","10","10","-0","0","32.9"
"585","5037","-0","-1","16","16","11","11","-0","0","32.3"
"586","4949","0","-1","16","16","11","11","-0","0","31.8"
"586","4864","-0","-1","16","16","11","11","-0","0","31.3"
"586","4783","-0","-1","16","16","12","11","-0","0","30.8"
"586","4704","-0","-1","16","15","12","12","-0","0","30.3"
"586","4627","-0","-1","16","15","12","12","-0","0","29.9"
"586","4546","-0","-1","16","15","12","12","-0","0","29.3"
"587","4467","-0","-1","16","16","12","12","-0","0","28.8"
"587","4392","-0","-1","15","15","12","12","-0","0","28.3"
"587","4316","-0","-1","16","15","12","12","-0","0","27.8"
"587","4239","0","-0","16","15","12","12","-0","0","27.3"
"587","4169","-0","-1","16","15","12","12","-0","0","26.8"
"587","4104","0","-0","15","15","12","12","-0","0","26.3"
"587","4048","-0","-0","15","15","12","12","-0","0","25.8"
"588","4016","-0","-0","15","15","12","12","-0","0","25.4"
"588","3995","-0","-0","15","15","12","12","-0","0","24.9"
"588","3979","0","-0","15","15","12","12","-0","0","24.4"
"588","3976","-0","-0","15","15","12","12","-0","0","23.9"
"588","3999","0","-1","15","15","12","12","-0","0","23.3"
"588","4010","-0","-1","15","15","12","12","-0","0","22.7"
"588","4016","0","-1","16","15","12","12","-0","0","22.0"
"589","4015","0","-1","16","16","12","12","-0","0","21.3"
"589","4015","0","-1","16","16","11","11","-0","0","20.5"
"589","4014","-0","-1","16","16","11","11","-0","0","19.8"
"589","4005","0","-1","17","17","11","11","-0","0","19.0"
"589","3992","0","-1","17","17","11","11","-0","0","18.3"
"589","3948","0","-1","17","17","11","11","-0","0","17.6"
"589","3897","0","-1","17","17","10","10","-0","0","16.8"
"589","3829","0","-1","17","17","10","10","-0","0","16.2"
"589","3718","0","-0","17","17","10","10","-0","0","15.7"
"589","3584","0","-0","17","17","9","9","-0","0","15.3"
"589","3463","-0","-0","16","16","10","10","-0","0","15.3"
"590","3367","-0","-0","15","15","10","10","-0","0","15.1"
"590","3323","-0","-0","13","13","11","11","-0","0","14.9"
"590","3264","-0","-0","12","12","12","12","-0","0","14.7"
"590","3198","-0","-1","12","12","13","13","-0","0","14.4"
"590","3140","0","-0","12","12","13","13","-0","0","14.1"
"590","3080","0","-0","12","12","13","13","-0","0","13.8"
"590","3013","0","-0","13","13","13","13","-0","0","13.4"
"590","2941","0","-0","13","13","12","12","-0","0","13.1"
"590","2866","0","-0","13","13","12","12","-0","0","12.8"
"590","2801","0","-0","13","13","12","12","-0","0","12.6"
"590","2735","0","-0","13","13","12","12","-0","0","12.3"
"590","2670","0","-0","13","13","12","12","-0","0","12.0"
"590","2609","0","-0","13","13","12","12","-0","0","11.7"
"590","2551","0","-0","13","13","12","12","-0","0","11.4"
"591","2488","0","-0","13","13","12","12","-0","0","11.1"
"591","2426","0","-0","13","13","12","12","-0","0","10.8"
"591","2366","0","-0","13","13","12","12","-0","0","10.5"
"591","2307","0","-0","13","13","12","12","-0","0","10.2"
"591","2249","0","-0","13","13","12","12","-0","0","9.9"
"591","2191","0","-0","13","13","12","12","-0","0","9.6"
"591","2137","0","-0","13","13","12","12","-0","0","9.3"
"591","2089","0","-0","13","13","12","12","-0","0","9.0"
"591","2042","-0","-0","13","13","12","12","-0","0","8.6"
"591","1995","-0","-0","13","13","12","12","-0","0","8.3"
"591","1958","-0","-0","13","13","12","12","-0","0","8.0"
"591","1923","-0","-0","13","13","12","12","-0","0","7.7"
"591","1891","-0","-0","13","13","12","12","-0","0","7.3"
"591","1864","-0","-1","13","13","12","12","-0","0","6.9"
"591","1839","-0","-1","13","13","12","12","-0","0","6.6"
"591","1839","-0","-1","13","13","12","12","-0","0","6.6"
"591","1839","-0","-1","13","13","12","12","-0","0","6.6"
